<?xml version="1.0" encoding="UTF-8"?>

<ApolloEvents xmlns:xsi="http://www.w3.org/2001/XMLSchema-instance" xsi:noNamespaceSchemaLocation="opencms://system/modules/org.opencms.apollo/schemas/event.xsd">
  <ApolloEvent language="en">
    <Title><![CDATA[Annual Autumn Assembly]]></Title>
    <Date>1508396400000</Date>
    <EndDate>1508511600000</EndDate>
    <Paragraph>
      <Text name="Text0">
        <links/>
        <content><![CDATA[<p>Aenean posuere, tortor sed cursus feugiat, nunc augue blandit nunc, eu sollicitudin urna dolor sagittis lacus. Donec elit libero, sodales nec, volutpat a, suscipit non, turpis. Nullam sagittis. Suspendisse pulvinar, augue ac venenatis condimentum, sem libero volutpat nibh, nec pellentesque velit pede quis nunc. Vestibulum ante ipsum primis in faucibus orci luctus et ultrices posuere cubilia Curae; Fusce id purus. Ut varius tincidunt libero. Phasellus dolor. Maecenas vestibulum mollis diam. Pellentesque ut neque.</p>]]></content>
      </Text>
      <Image>
        <Image>
          <link type="WEAK">
            <target><![CDATA[/sites/default/.galleries/samples/42.jpg]]></target>
            <uuid>5df10820-61f4-11e5-bcba-0242ac11002b</uuid>
          </link>
        </Image>
      </Image>
    </Paragraph>
    <Location><![CDATA[MediaPark, Cologne]]></Location>
    <Address name="Address0">
      <links/>
      <content><![CDATA[<p>Im Mediapark<br />50670 Köln<br />Germany</p>]]></content>
    </Address>
    <Category>
      <!--Categories are read dynamically-->
    </Category>
  </ApolloEvent>
</ApolloEvents>
