<?xml version="1.0" encoding="UTF-8"?>

<ApolloEvents xmlns:xsi="http://www.w3.org/2001/XMLSchema-instance" xsi:noNamespaceSchemaLocation="opencms://system/modules/org.opencms.apollo/schemas/event.xsd">
  <ApolloEvent language="en">
    <Title><![CDATA[Gathering of Advice Experts]]></Title>
    <Date>1500620400000</Date>
    <EndDate>1500663600000</EndDate>
    <Paragraph>
      <Text name="Text0">
        <links/>
        <content><![CDATA[<p>Vestibulum volutpat pretium libero. Cras id dui. Aenean ut eros et nisl sagittis vestibulum. Nullam nulla eros, ultricies sit amet, nonummy id, imperdiet feugiat, pede. Sed lectus. Donec mollis hendrerit risus. Phasellus nec sem in justo pellentesque facilisis. Etiam imperdiet imperdiet orci. Nunc nec neque. Phasellus leo dolor, tempus non, auctor et, hendrerit quis, nisi. Curabitur ligula sapien, tincidunt non, euismod vitae, posuere imperdiet, leo. Maecenas malesuada. Praesent congue erat at massa.</p>]]></content>
      </Text>
      <Image>
        <Image>
          <link type="WEAK">
            <target><![CDATA[/sites/default/.galleries/samples/43.jpg]]></target>
            <uuid>60d31972-61f4-11e5-bcba-0242ac11002b</uuid>
          </link>
        </Image>
        <Title/>
      </Image>
    </Paragraph>
    <Location><![CDATA[Olympia Grand Hall, London]]></Location>
    <Address name="Address0">
      <links/>
      <content><![CDATA[<div class="cards-text-truncate-and-wrap">Hammersmith Rd</div>
<div class="cards-text-truncate-and-wrap">London W14 8UX</div>
<div class="cards-text-truncate-and-wrap">
<div class="cards-text-truncate-and-wrap">Vereinigtes Königreich</div>
</div>]]></content>
    </Address>
    <Category>
      <!--Categories are read dynamically-->
    </Category>
  </ApolloEvent>
</ApolloEvents>
