<?xml version="1.0" encoding="UTF-8"?>

<NewFormatters xmlns:xsi="http://www.w3.org/2001/XMLSchema-instance" xsi:noNamespaceSchemaLocation="opencms://system/modules/org.opencms.ade.config/schemas/formatters/new_formatter.xsd">
  <NewFormatter language="en">
    <NiceName><![CDATA[%(key.formatter.a-navigation.head)]]></NiceName>
    <Type><![CDATA[a-navigation]]></Type>
    <Jsp>
      <link type="WEAK">
        <target><![CDATA[/system/modules/org.opencms.apollo/formatters/navigation-head.jsp]]></target>
        <uuid>bff6dd61-5605-11e5-b868-0242ac11002b</uuid>
      </link>
    </Jsp>
    <Rank><![CDATA[900]]></Rank>
    <Match>
      <Types>
        <ContainerType><![CDATA[head]]></ContainerType>
      </Types>
    </Match>
    <Preview>false</Preview>
    <SearchContent>false</SearchContent>
    <AutoEnabled>true</AutoEnabled>
    <Detail>false</Detail>
    <NestedContainers>true</NestedContainers>
    <Setting>
      <PropertyName><![CDATA[wrapperclass]]></PropertyName>
      <DisplayName><![CDATA[%(key.apollo.setting.cssclass)]]></DisplayName>
      <Description><![CDATA[%(key.apollo.setting.cssclass.description)]]></Description>
      <Widget><![CDATA[string]]></Widget>
    </Setting>
    <Setting>
      <PropertyName><![CDATA[showbreadcrumb]]></PropertyName>
      <DisplayName><![CDATA[%(key.apollo.setting.showbreadcrumb)]]></DisplayName>
      <Widget><![CDATA[checkbox]]></Widget>
      <Default><![CDATA[true]]></Default>
    </Setting>
  </NewFormatter>
</NewFormatters>
