<?xml version="1.0" encoding="UTF-8"?>

<export>
	<info>
		<infoproject>Offline</infoproject>
		<export_version>10</export_version>
	</info>
	<module>
		<name>org.opencms.workplace.tools.projects</name>
		<nicename><![CDATA[OpenCms Project management]]></nicename>
		<group>OpenCms Workplace</group>
		<class/>
    <import-script><![CDATA[
# sets access control entries  and properties on folders not exclusively belonging to this module
writeProperty '/system/workplace/admin/projects/' 'Description' '${key.GUI_PROJECTS_ADMIN_TOOL_HELP_0}'
writeProperty '/system/workplace/admin/projects/' 'NavImage' 'tools/projects/icons/big/projects.png:tools/projects/icons/small/projects.png'
writeProperty '/system/workplace/admin/projects/' 'NavInfo' '${key.GUI_PROJECTS_ADMIN_TOOL_GROUP_0}'
writeProperty '/system/workplace/admin/projects/' 'NavPos' '10.0'
writeProperty '/system/workplace/admin/projects/' 'NavText' '${key.GUI_PROJECTS_ADMIN_TOOL_NAME_0}'
writeProperty '/system/workplace/admin/projects/' 'Title' 'Project Management'
writeProperty '/system/workplace/admin/projects/' 'admintoolhandler-class' 'org.opencms.workplace.tools.projects.CmsProjectsToolHandler'
writeProperty '/system/workplace/admin/projects/' 'default-file' 'projects_list.jsp'
		]]></import-script>
		<export-mode name="reduced"/>
		<description><![CDATA[<p>This module contains the tools for managing the OpenCms projects.</p>
<p><i>&copy; 2018 by Alkacon Software GmbH &amp; Co. KG (http://www.alkacon.com).</i></p>]]></description>
		<version>10.5.0</version>
		<authorname><![CDATA[Alkacon Software GmbH &amp; Co. KG]]></authorname>
		<authoremail><![CDATA[info@alkacon.com]]></authoremail>
		<datecreated/>
		<userinstalled/>
		<dateinstalled/>
		<dependencies>
			<dependency name="org.opencms.workplace" version="10.0.0"/>
			<dependency name="org.opencms.workplace.administration" version="10.0.0"/>
		</dependencies>
		<exportpoints/>
		<resources>
			<resource uri="/system/workplace/admin/projects/project_edit.jsp"/>
			<resource uri="/system/workplace/admin/projects/project_files.jsp"/>
			<resource uri="/system/workplace/admin/projects/project_history.jsp"/>
			<resource uri="/system/workplace/admin/projects/project_new.jsp"/>
			<resource uri="/system/workplace/admin/projects/project_overview.jsp"/>
			<resource uri="/system/workplace/admin/projects/project_publish.jsp"/>
			<resource uri="/system/workplace/admin/projects/projects_list.jsp"/>
			<resource uri="/system/workplace/resources/tools/projects/buttons/project.png"/>
			<resource uri="/system/workplace/resources/tools/projects/buttons/project_edit.png"/>
			<resource uri="/system/workplace/resources/tools/projects/buttons/project_lock.png"/>
			<resource uri="/system/workplace/resources/tools/projects/buttons/project_lock_disabled.png"/>
			<resource uri="/system/workplace/resources/tools/projects/buttons/project_publish.png"/>
			<resource uri="/system/workplace/resources/tools/projects/buttons/project_publish_disabled.png"/>
			<resource uri="/system/workplace/resources/tools/projects/buttons/project_unlock.png"/>
			<resource uri="/system/workplace/resources/tools/projects/icons/big/project.png"/>
			<resource uri="/system/workplace/resources/tools/projects/icons/big/project_add.png"/>
			<resource uri="/system/workplace/resources/tools/projects/icons/big/project_disabled.png"/>
			<resource uri="/system/workplace/resources/tools/projects/icons/big/project_history.png"/>
			<resource uri="/system/workplace/resources/tools/projects/icons/big/projects.png"/>
			<resource uri="/system/workplace/resources/tools/projects/icons/big/projects_disabled.png"/>
			<resource uri="/system/workplace/resources/tools/projects/icons/small/project.png"/>
			<resource uri="/system/workplace/resources/tools/projects/icons/small/project_disabled.png"/>
			<resource uri="/system/workplace/resources/tools/projects/icons/small/projects.png"/>
			<resource uri="/system/workplace/resources/tools/projects/icons/small/projects_disabled.png"/>
		</resources>
		<excluderesources/>
		<parameters/>
	</module>
	<files>
		<file>
			<destination>system</destination>
			<type>folder</type>
			<properties/>
		</file>
		<file>
			<destination>system/workplace</destination>
			<type>folder</type>
			<properties/>
		</file>
		<file>
			<destination>system/workplace/admin</destination>
			<type>folder</type>
			<properties/>
		</file>
		<file>
			<destination>system/workplace/admin/projects</destination>
			<type>folder</type>
			<properties/>
		</file>
		<file>
			<source>system/workplace/admin/projects/project_edit.jsp</source>
			<destination>system/workplace/admin/projects/project_edit.jsp</destination>
			<type>jsp</type>
			<uuidstructure>d47116cb-11b7-11db-91cd-fdbae480bac9</uuidstructure>
			<uuidresource>c55784d0-d8ce-11d9-a5d9-efaaea26ed93</uuidresource>
			<datecreated>Mon, 27 Jun 2005 08:00:00 GMT</datecreated>
			<flags>0</flags>
			<properties>
				<property>
					<name>Description</name>
					<value><![CDATA[${key.GUI_EDITPROJECT_ADMIN_TOOL_HELP_0}]]></value>
				</property>
				<property>
					<name>NavImage</name>
					<value><![CDATA[tools/accounts/icons/big/project.png]]></value>
				</property>
				<property>
					<name>NavInfo</name>
					<value><![CDATA[${key.GUI_EDITPROJECT_ADMIN_TOOL_GROUP_0}]]></value>
				</property>
				<property>
					<name>NavPos</name>
					<value><![CDATA[1]]></value>
				</property>
				<property>
					<name>NavText</name>
					<value><![CDATA[${key.GUI_EDITPROJECT_ADMIN_TOOL_NAME_0}:${key.GUI_EDITPROJECT_ADMIN_TOOL_NAVBARNAME_0}]]></value>
				</property>
				<property>
					<name>Title</name>
					<value><![CDATA[Edit Project]]></value>
				</property>
				<property>
					<name>admintoolhandler-args</name>
					<value><![CDATA[params:projectid=${param.projectid}&projectname=${param.projectname}&action=initial|path:/projects/edit]]></value>
				</property>
				<property>
					<name>admintoolhandler-class</name>
					<value><![CDATA[org.opencms.workplace.tools.CmsInvisibleToolHandler]]></value>
				</property>
				<property>
					<name>export</name>
					<value><![CDATA[false]]></value>
				</property>
			</properties>
			<relations/>
			<accesscontrol/>
		</file>
		<file>
			<source>system/workplace/admin/projects/project_files.jsp</source>
			<destination>system/workplace/admin/projects/project_files.jsp</destination>
			<type>jsp</type>
			<uuidstructure>d47842c6-11b7-11db-91cd-fdbae480bac9</uuidstructure>
			<uuidresource>cb5bbdbd-d8ce-11d9-a5d9-efaaea26ed93</uuidresource>
			<datecreated>Mon, 27 Jun 2005 08:00:00 GMT</datecreated>
			<flags>0</flags>
			<properties>
				<property>
					<name>Description</name>
					<value><![CDATA[${key.GUI_EDITPROJECT_FILES_ADMIN_TOOL_HELP_0}]]></value>
				</property>
				<property>
					<name>NavImage</name>
					<value><![CDATA[tools/projects/icons/big/project_files.png]]></value>
				</property>
				<property>
					<name>NavInfo</name>
					<value><![CDATA[${key.GUI_EDITPROJECT_FILES_ADMIN_TOOL_GROUP_0}]]></value>
				</property>
				<property>
					<name>NavPos</name>
					<value><![CDATA[3]]></value>
				</property>
				<property>
					<name>NavText</name>
					<value><![CDATA[${key.GUI_EDITPROJECT_FILES_ADMIN_TOOL_NAVBARNAME_0}:${key.GUI_EDITPROJECT_FILES_ADMIN_TOOL_NAVBARNAME_0}]]></value>
				</property>
				<property>
					<name>Title</name>
					<value><![CDATA[Project Files]]></value>
				</property>
				<property>
					<name>admintoolhandler-args</name>
					<value><![CDATA[params:projectid=${param.projectid}&aif-sel=${param.aif-sel}&projectname=${param.projectname}&action=initial|path:/projects/files]]></value>
				</property>
				<property>
					<name>admintoolhandler-class</name>
					<value><![CDATA[org.opencms.workplace.tools.CmsInvisibleToolHandler]]></value>
				</property>
			</properties>
			<relations/>
			<accesscontrol/>
		</file>
		<file>
			<source>system/workplace/admin/projects/project_history.jsp</source>
			<destination>system/workplace/admin/projects/project_history.jsp</destination>
			<type>jsp</type>
			<uuidstructure>d47f6ec0-11b7-11db-91cd-fdbae480bac9</uuidstructure>
			<uuidresource>1cf72945-d9b8-11d9-b145-efaaea26ed93</uuidresource>
			<datecreated>Mon, 27 Jun 2005 08:00:00 GMT</datecreated>
			<flags>0</flags>
			<properties>
				<property>
					<name>Description</name>
					<value><![CDATA[${key.GUI_PROJECT_HISTORY_ADMIN_TOOL_HELP_0}]]></value>
				</property>
				<property>
					<name>NavImage</name>
					<value><![CDATA[tools/projects/icons/big/project_history.png]]></value>
				</property>
				<property>
					<name>NavInfo</name>
					<value><![CDATA[${key.GUI_PROJECT_HISTORY_ADMIN_TOOL_GROUP_0}]]></value>
				</property>
				<property>
					<name>NavPos</name>
					<value><![CDATA[100]]></value>
				</property>
				<property>
					<name>NavText</name>
					<value><![CDATA[${key.GUI_PROJECT_HISTORY_ADMIN_TOOL_NAME_0}]]></value>
				</property>
				<property>
					<name>Title</name>
					<value><![CDATA[Project History]]></value>
				</property>
				<property>
					<name>admintoolhandler-args</name>
					<value><![CDATA[path:/projects/history]]></value>
				</property>
				<property>
					<name>admintoolhandler-class</name>
					<value><![CDATA[org.opencms.workplace.tools.projects.CmsProjectsToolHandler]]></value>
				</property>
				<property>
					<name>export</name>
					<value><![CDATA[false]]></value>
				</property>
			</properties>
			<relations/>
			<accesscontrol/>
		</file>
		<file>
			<source>system/workplace/admin/projects/project_new.jsp</source>
			<destination>system/workplace/admin/projects/project_new.jsp</destination>
			<type>jsp</type>
			<uuidstructure>d48b55ab-11b7-11db-91cd-fdbae480bac9</uuidstructure>
			<uuidresource>b26ef905-d8ce-11d9-a5d9-efaaea26ed93</uuidresource>
			<datecreated>Mon, 27 Jun 2005 08:00:00 GMT</datecreated>
			<flags>0</flags>
			<properties>
				<property>
					<name>Description</name>
					<value><![CDATA[${key.GUI_NEWPROJECT_ADMIN_TOOL_HELP_0}]]></value>
				</property>
				<property>
					<name>NavImage</name>
					<value><![CDATA[tools/projects/icons/big/project_add.png]]></value>
				</property>
				<property>
					<name>NavInfo</name>
					<value><![CDATA[${key.GUI_NEWPROJECT_ADMIN_TOOL_GROUP_0}]]></value>
				</property>
				<property>
					<name>NavPos</name>
					<value><![CDATA[1]]></value>
				</property>
				<property>
					<name>NavText</name>
					<value><![CDATA[${key.GUI_NEWPROJECT_ADMIN_TOOL_NAME_0}]]></value>
				</property>
				<property>
					<name>Title</name>
					<value><![CDATA[New Project]]></value>
				</property>
				<property>
					<name>admintoolhandler-args</name>
					<value><![CDATA[path:/projects/new]]></value>
				</property>
				<property>
					<name>admintoolhandler-class</name>
					<value><![CDATA[org.opencms.workplace.tools.projects.CmsProjectsToolHandler]]></value>
				</property>
				<property type="shared">
					<name>export</name>
					<value><![CDATA[false]]></value>
				</property>
			</properties>
			<relations/>
			<accesscontrol/>
		</file>
		<file>
			<destination>system/workplace/admin/projects/project_overview.jsp</destination>
			<type>jsp</type>
			<uuidstructure>10760aa6-5f82-11db-8e8d-d3ee01eaa4cf</uuidstructure>
			<uuidresource>cb5bbdbd-d8ce-11d9-a5d9-efaaea26ed93</uuidresource>
			<datecreated>Mon, 27 Jun 2005 08:00:00 GMT</datecreated>
			<flags>0</flags>
			<properties>
				<property>
					<name>Description</name>
					<value><![CDATA[${key.GUI_VIEWPROJECT_ADMIN_TOOL_HELP_0}]]></value>
				</property>
				<property>
					<name>NavImage</name>
					<value><![CDATA[tools/projects/icons/big/projects.png:tools/projects/icons/small/projects.png]]></value>
				</property>
				<property>
					<name>NavInfo</name>
					<value><![CDATA[${key.GUI_VIEWPROJECT_ADMIN_TOOL_GROUP_0}]]></value>
				</property>
				<property>
					<name>NavPos</name>
					<value><![CDATA[10.0]]></value>
				</property>
				<property>
					<name>NavText</name>
					<value><![CDATA[${key.GUI_VIEWPROJECT_ADMIN_TOOL_NAVBARNAME_0}:${key.GUI_VIEWPROJECT_ADMIN_TOOL_NAME_0}]]></value>
				</property>
				<property>
					<name>Title</name>
					<value><![CDATA[Project Overview]]></value>
				</property>
				<property>
					<name>admintoolhandler-args</name>
					<value><![CDATA[path:/project_overview]]></value>
				</property>
				<property>
					<name>admintoolhandler-class</name>
					<value><![CDATA[org.opencms.workplace.tools.projects.CmsProjectsToolHandler]]></value>
				</property>
			</properties>
			<relations/>
			<accesscontrol/>
		</file>
		<file>
			<source>system/workplace/admin/projects/project_publish.jsp</source>
			<destination>system/workplace/admin/projects/project_publish.jsp</destination>
			<type>jsp</type>
			<uuidstructure>d49010a6-11b7-11db-91cd-fdbae480bac9</uuidstructure>
			<uuidresource>a53051ac-d9b7-11d9-b145-efaaea26ed93</uuidresource>
			<datecreated>Mon, 27 Jun 2005 08:00:00 GMT</datecreated>
			<flags>0</flags>
			<properties>
				<property>
					<name>Description</name>
					<value><![CDATA[${key.GUI_EDITPROJECT_PUBLISH_ADMIN_TOOL_HELP_0}]]></value>
				</property>
				<property>
					<name>NavInfo</name>
					<value><![CDATA[${key.GUI_EDITPROJECT_PUBLISH_ADMIN_TOOL_GROUP_0}]]></value>
				</property>
				<property>
					<name>NavPos</name>
					<value><![CDATA[1]]></value>
				</property>
				<property>
					<name>NavText</name>
					<value><![CDATA[${key.GUI_EDITPROJECT_PUBLISH_ADMIN_TOOL_NAME_0}:${key.GUI_EDITPROJECT_PUBLISH_ADMIN_TOOL_NAVBARNAME_0}]]></value>
				</property>
				<property>
					<name>Title</name>
					<value><![CDATA[Publish Project]]></value>
				</property>
				<property>
					<name>admintoolhandler-args</name>
					<value><![CDATA[params:projectid=${param.projectid}&projectname=${param.projectname}&action=initial|path:/projects/publish]]></value>
				</property>
				<property>
					<name>admintoolhandler-class</name>
					<value><![CDATA[org.opencms.workplace.tools.CmsInvisibleToolHandler]]></value>
				</property>
				<property>
					<name>export</name>
					<value><![CDATA[false]]></value>
				</property>
			</properties>
			<relations/>
			<accesscontrol/>
		</file>
		<file>
			<source>system/workplace/admin/projects/projects_list.jsp</source>
			<destination>system/workplace/admin/projects/projects_list.jsp</destination>
			<type>jsp</type>
			<uuidstructure>d499adab-11b7-11db-91cd-fdbae480bac9</uuidstructure>
			<uuidresource>a828f7b8-d8ce-11d9-a5d9-efaaea26ed93</uuidresource>
			<datecreated>Mon, 27 Jun 2005 08:00:00 GMT</datecreated>
			<flags>0</flags>
			<properties>
				<property>
					<name>Title</name>
					<value><![CDATA[Project Management]]></value>
				</property>
				<property>
					<name>export</name>
					<value><![CDATA[false]]></value>
				</property>
			</properties>
			<relations/>
			<accesscontrol/>
		</file>
		<file>
			<destination>system/workplace/resources</destination>
			<type>folder</type>
			<properties/>
		</file>
		<file>
			<destination>system/workplace/resources/tools</destination>
			<type>folder</type>
			<properties/>
		</file>
		<file>
			<destination>system/workplace/resources/tools/projects</destination>
			<type>folder</type>
			<properties/>
		</file>
		<file>
			<destination>system/workplace/resources/tools/projects/buttons</destination>
			<type>folder</type>
			<properties/>
		</file>
		<file>
			<source>system/workplace/resources/tools/projects/buttons/project.png</source>
			<destination>system/workplace/resources/tools/projects/buttons/project.png</destination>
			<type>image</type>
			<uuidstructure>d53bba15-11b7-11db-91cd-fdbae480bac9</uuidstructure>
			<uuidresource>81e9f992-d8cd-11d9-a5d9-efaaea26ed93</uuidresource>
			<datecreated>Mon, 27 Jun 2005 08:00:00 GMT</datecreated>
			<flags>0</flags>
			<properties>
				<property type="shared">
					<name>image.size</name>
					<value><![CDATA[w:20,h:20]]></value>
				</property>
			</properties>
			<relations/>
			<accesscontrol/>
		</file>
		<file>
			<source>system/workplace/resources/tools/projects/buttons/project_edit.png</source>
			<destination>system/workplace/resources/tools/projects/buttons/project_edit.png</destination>
			<type>image</type>
			<uuidstructure>d5409c18-11b7-11db-91cd-fdbae480bac9</uuidstructure>
			<uuidresource>1403dc09-d9b7-11d9-b145-efaaea26ed93</uuidresource>
			<datecreated>Mon, 27 Jun 2005 08:00:00 GMT</datecreated>
			<flags>0</flags>
			<properties>
				<property type="shared">
					<name>image.size</name>
					<value><![CDATA[w:20,h:20]]></value>
				</property>
			</properties>
			<relations/>
			<accesscontrol/>
		</file>
		<file>
			<source>system/workplace/resources/tools/projects/buttons/project_lock.png</source>
			<destination>system/workplace/resources/tools/projects/buttons/project_lock.png</destination>
			<type>image</type>
			<uuidstructure>d545570b-11b7-11db-91cd-fdbae480bac9</uuidstructure>
			<uuidresource>0cce50e1-d9c6-11d9-b856-efaaea26ed93</uuidresource>
			<datecreated>Mon, 27 Jun 2005 08:00:00 GMT</datecreated>
			<flags>0</flags>
			<properties>
				<property type="shared">
					<name>image.size</name>
					<value><![CDATA[w:20,h:20]]></value>
				</property>
			</properties>
			<relations/>
			<accesscontrol/>
		</file>
		<file>
			<source>system/workplace/resources/tools/projects/buttons/project_lock_disabled.png</source>
			<destination>system/workplace/resources/tools/projects/buttons/project_lock_disabled.png</destination>
			<type>image</type>
			<uuidstructure>d55869e7-11b7-11db-91cd-fdbae480bac9</uuidstructure>
			<uuidresource>d55869e6-11b7-11db-91cd-fdbae480bac9</uuidresource>
			<datecreated>Mon, 27 Jun 2005 08:00:00 GMT</datecreated>
			<flags>0</flags>
			<properties>
				<property type="shared">
					<name>image.size</name>
					<value><![CDATA[w:20,h:20]]></value>
				</property>
			</properties>
			<relations/>
			<accesscontrol/>
		</file>
		<file>
			<source>system/workplace/resources/tools/projects/buttons/project_publish.png</source>
			<destination>system/workplace/resources/tools/projects/buttons/project_publish.png</destination>
			<type>image</type>
			<uuidstructure>d54a11fd-11b7-11db-91cd-fdbae480bac9</uuidstructure>
			<uuidresource>40c0ccaa-d8ce-11d9-a5d9-efaaea26ed93</uuidresource>
			<datecreated>Mon, 27 Jun 2005 08:00:00 GMT</datecreated>
			<flags>0</flags>
			<properties>
				<property type="shared">
					<name>image.size</name>
					<value><![CDATA[w:20,h:20]]></value>
				</property>
			</properties>
			<relations/>
			<accesscontrol/>
		</file>
		<file>
			<source>system/workplace/resources/tools/projects/buttons/project_publish_disabled.png</source>
			<destination>system/workplace/resources/tools/projects/buttons/project_publish_disabled.png</destination>
			<type>image</type>
			<uuidstructure>d54eccf1-11b7-11db-91cd-fdbae480bac9</uuidstructure>
			<uuidresource>d54eccf0-11b7-11db-91cd-fdbae480bac9</uuidresource>
			<datecreated>Mon, 27 Jun 2005 08:00:00 GMT</datecreated>
			<flags>0</flags>
			<properties>
				<property type="shared">
					<name>image.size</name>
					<value><![CDATA[w:20,h:20]]></value>
				</property>
			</properties>
			<relations/>
			<accesscontrol/>
		</file>
		<file>
			<source>system/workplace/resources/tools/projects/buttons/project_unlock.png</source>
			<destination>system/workplace/resources/tools/projects/buttons/project_unlock.png</destination>
			<type>image</type>
			<uuidstructure>d553aef4-11b7-11db-91cd-fdbae480bac9</uuidstructure>
			<uuidresource>9fd08b7f-d9b6-11d9-b145-efaaea26ed93</uuidresource>
			<datecreated>Mon, 27 Jun 2005 08:00:00 GMT</datecreated>
			<flags>0</flags>
			<properties>
				<property type="shared">
					<name>image.size</name>
					<value><![CDATA[w:20,h:20]]></value>
				</property>
			</properties>
			<relations/>
			<accesscontrol/>
		</file>
		<file>
			<destination>system/workplace/resources/tools/projects/icons</destination>
			<type>folder</type>
			<properties/>
		</file>
		<file>
			<destination>system/workplace/resources/tools/projects/icons/big</destination>
			<type>folder</type>
			<properties/>
		</file>
		<file>
			<source>system/workplace/resources/tools/projects/icons/big/project.png</source>
			<destination>system/workplace/resources/tools/projects/icons/big/project.png</destination>
			<type>image</type>
			<uuidstructure>d56450cd-11b7-11db-91cd-fdbae480bac9</uuidstructure>
			<uuidresource>81b331fb-d8cd-11d9-a5d9-efaaea26ed93</uuidresource>
			<datecreated>Mon, 27 Jun 2005 08:00:00 GMT</datecreated>
			<flags>0</flags>
			<properties>
				<property type="shared">
					<name>image.size</name>
					<value><![CDATA[w:32,h:32]]></value>
				</property>
			</properties>
			<relations/>
			<accesscontrol/>
		</file>
		<file>
			<source>system/workplace/resources/tools/projects/icons/big/project_add.png</source>
			<destination>system/workplace/resources/tools/projects/icons/big/project_add.png</destination>
			<type>image</type>
			<uuidstructure>d566c1d0-11b7-11db-91cd-fdbae480bac9</uuidstructure>
			<uuidresource>81c162cf-d8cd-11d9-a5d9-efaaea26ed93</uuidresource>
			<datecreated>Mon, 27 Jun 2005 08:00:00 GMT</datecreated>
			<flags>0</flags>
			<properties>
				<property type="shared">
					<name>image.size</name>
					<value><![CDATA[w:32,h:32]]></value>
				</property>
			</properties>
			<relations/>
			<accesscontrol/>
		</file>
		<file>
			<source>system/workplace/resources/tools/projects/icons/big/project_disabled.png</source>
			<destination>system/workplace/resources/tools/projects/icons/big/project_disabled.png</destination>
			<type>image</type>
			<uuidstructure>0ea9fc29-d310-11db-a74f-0195cffc70b7</uuidstructure>
			<uuidresource>0ea9fc2a-d310-11db-a74f-0195cffc70b7</uuidresource>
			<datecreated>Thu, 15 Mar 2007 16:13:05 GMT</datecreated>
			<flags>0</flags>
			<properties>
				<property type="shared">
					<name>image.size</name>
					<value><![CDATA[w:32,h:32]]></value>
				</property>
			</properties>
			<relations/>
			<accesscontrol/>
		</file>
		<file>
			<source>system/workplace/resources/tools/projects/icons/big/project_history.png</source>
			<destination>system/workplace/resources/tools/projects/icons/big/project_history.png</destination>
			<type>image</type>
			<uuidstructure>d5690ac3-11b7-11db-91cd-fdbae480bac9</uuidstructure>
			<uuidresource>81cd70c7-d8cd-11d9-a5d9-efaaea26ed93</uuidresource>
			<datecreated>Mon, 27 Jun 2005 08:00:00 GMT</datecreated>
			<flags>0</flags>
			<properties>
				<property type="shared">
					<name>image.size</name>
					<value><![CDATA[w:32,h:32]]></value>
				</property>
			</properties>
			<relations/>
			<accesscontrol/>
		</file>
		<file>
			<source>system/workplace/resources/tools/projects/icons/big/projects.png</source>
			<destination>system/workplace/resources/tools/projects/icons/big/projects.png</destination>
			<type>image</type>
			<uuidstructure>d56decc9-11b7-11db-91cd-fdbae480bac9</uuidstructure>
			<uuidresource>72756873-d99d-11d9-ab15-efaaea26ed93</uuidresource>
			<datecreated>Mon, 27 Jun 2005 08:00:00 GMT</datecreated>
			<flags>0</flags>
			<properties>
				<property type="shared">
					<name>image.size</name>
					<value><![CDATA[w:32,h:32]]></value>
				</property>
			</properties>
			<relations/>
			<accesscontrol/>
		</file>
		<file>
			<source>system/workplace/resources/tools/projects/icons/big/projects_disabled.png</source>
			<destination>system/workplace/resources/tools/projects/icons/big/projects_disabled.png</destination>
			<type>image</type>
			<uuidstructure>0ecdb0ce-d310-11db-a74f-0195cffc70b7</uuidstructure>
			<uuidresource>0ecdb0cf-d310-11db-a74f-0195cffc70b7</uuidresource>
			<datecreated>Thu, 15 Mar 2007 16:13:05 GMT</datecreated>
			<flags>0</flags>
			<properties>
				<property type="shared">
					<name>image.size</name>
					<value><![CDATA[w:32,h:32]]></value>
				</property>
			</properties>
			<relations/>
			<accesscontrol/>
		</file>
		<file>
			<destination>system/workplace/resources/tools/projects/icons/small</destination>
			<type>folder</type>
			<properties/>
		</file>
		<file>
			<destination>system/workplace/resources/tools/projects/icons/small/project.png</destination>
			<type>image</type>
			<uuidstructure>d572a7be-11b7-11db-91cd-fdbae480bac9</uuidstructure>
			<uuidresource>81e9f992-d8cd-11d9-a5d9-efaaea26ed93</uuidresource>
			<datecreated>Mon, 27 Jun 2005 08:00:00 GMT</datecreated>
			<flags>0</flags>
			<properties>
				<property type="shared">
					<name>image.size</name>
					<value><![CDATA[w:20,h:20]]></value>
				</property>
			</properties>
			<relations/>
			<accesscontrol/>
		</file>
		<file>
			<source>system/workplace/resources/tools/projects/icons/small/project_disabled.png</source>
			<destination>system/workplace/resources/tools/projects/icons/small/project_disabled.png</destination>
			<type>image</type>
			<uuidstructure>25c0a135-d310-11db-a74f-0195cffc70b7</uuidstructure>
			<uuidresource>25c0a136-d310-11db-a74f-0195cffc70b7</uuidresource>
			<datecreated>Thu, 15 Mar 2007 16:13:44 GMT</datecreated>
			<flags>0</flags>
			<properties>
				<property type="shared">
					<name>image.size</name>
					<value><![CDATA[w:20,h:20]]></value>
				</property>
			</properties>
			<relations/>
			<accesscontrol/>
		</file>
		<file>
			<source>system/workplace/resources/tools/projects/icons/small/projects.png</source>
			<destination>system/workplace/resources/tools/projects/icons/small/projects.png</destination>
			<type>image</type>
			<uuidstructure>d574f1af-11b7-11db-91cd-fdbae480bac9</uuidstructure>
			<uuidresource>81e53e9e-d8cd-11d9-a5d9-efaaea26ed93</uuidresource>
			<datecreated>Mon, 27 Jun 2005 08:00:00 GMT</datecreated>
			<flags>0</flags>
			<properties>
				<property type="shared">
					<name>image.size</name>
					<value><![CDATA[w:20,h:20]]></value>
				</property>
			</properties>
			<relations/>
			<accesscontrol/>
		</file>
		<file>
			<source>system/workplace/resources/tools/projects/icons/small/projects_disabled.png</source>
			<destination>system/workplace/resources/tools/projects/icons/small/projects_disabled.png</destination>
			<type>image</type>
			<uuidstructure>25d1430a-d310-11db-a74f-0195cffc70b7</uuidstructure>
			<uuidresource>25d1430b-d310-11db-a74f-0195cffc70b7</uuidresource>
			<datecreated>Thu, 15 Mar 2007 16:13:44 GMT</datecreated>
			<flags>0</flags>
			<properties>
				<property type="shared">
					<name>image.size</name>
					<value><![CDATA[w:20,h:20]]></value>
				</property>
			</properties>
			<relations/>
			<accesscontrol/>
		</file>
	</files>
</export>