<?xml version="1.0" encoding="UTF-8"?>

<NewFormatters xmlns:xsi="http://www.w3.org/2001/XMLSchema-instance" xsi:noNamespaceSchemaLocation="opencms://system/modules/org.opencms.ade.config/schemas/formatters/new_formatter.xsd">
  <NewFormatter language="en">
    <NiceName><![CDATA[%(key.formatter.a-event.detail)]]></NiceName>
    <Type><![CDATA[a-event]]></Type>
    <Jsp>
      <link type="WEAK">
        <target><![CDATA[/system/modules/org.opencms.apollo/formatters/event-detail.jsp]]></target>
        <uuid>d2d07c06-5b83-11e5-ab03-0242ac11002b</uuid>
      </link>
    </Jsp>
    <Rank><![CDATA[800]]></Rank>
    <Match>
      <Types>
        <ContainerType><![CDATA[element]]></ContainerType>
        <ContainerType><![CDATA[event]]></ContainerType>
      </Types>
    </Match>
    <Preview>false</Preview>
    <SearchContent>true</SearchContent>
    <AutoEnabled>true</AutoEnabled>
    <Detail>true</Detail>
    <Display>false</Display>
    <NestedContainers>false</NestedContainers>
    <Setting>
      <PropertyName><![CDATA[imgalign]]></PropertyName>
      <DisplayName><![CDATA[%(key.apollo.setting.imgalign)]]></DisplayName>
      <Widget><![CDATA[select]]></Widget>
      <Default><![CDATA[left]]></Default>
      <WidgetConfig><![CDATA[
        left:%(key.apollo.setting.image.left)|
        right:%(key.apollo.setting.image.right)
      ]]></WidgetConfig>
    </Setting>
    <Setting>
      <PropertyName><![CDATA[showmarkers]]></PropertyName>
      <DisplayName><![CDATA[%(key.apollo.setting.showmarkers)]]></DisplayName>
      <Widget><![CDATA[checkbox]]></Widget>
      <Default><![CDATA[true]]></Default>
    </Setting>
  </NewFormatter>
</NewFormatters>
