<?xml version="1.0" encoding="UTF-8"?>

<ApolloSections xmlns:xsi="http://www.w3.org/2001/XMLSchema-instance" xsi:noNamespaceSchemaLocation="opencms://system/modules/org.opencms.apollo/schemas/section.xsd">
  <ApolloSection language="en">
    <Headline><![CDATA[Login image]]></Headline>
    <Text name="Text0">
      <links/>
      <content><![CDATA[<p>OpenCms login</p>]]></content>
    </Text>
    <Image>
      <Image>
        <link type="WEAK">
          <target><![CDATA[/sites/default/.galleries/slider/bg_sl_05.jpg]]></target>
          <uuid>d520dc78-5861-11e4-a786-005056b61161</uuid>
          <query><![CDATA[__scale=h:245,w:1496,cx:195,cy:7,ch:245,cw:1496]]></query>
        </link>
      </Image>
      <Title/>
    </Image>
  </ApolloSection>
</ApolloSections>
