<?xml version="1.0" encoding="UTF-8"?>

<ApolloSections xmlns:xsi="http://www.w3.org/2001/XMLSchema-instance" xsi:noNamespaceSchemaLocation="opencms://system/modules/org.opencms.apollo/schemas/section.xsd">
  <ApolloSection language="en">
    <Headline><![CDATA[&copy; Alkacon Software GmbH &amp; Co. KG]]></Headline>
    <Text name="Text0">
      <links>
        <link name="link0" internal="false" type="A">
          <target><![CDATA[http://alkacon.com]]></target>
        </link>
      </links>
      <content><![CDATA[<p><a class="text-grey" href="%(link0)">© Alkacon Software GmbH &amp; Co. KG</a></p>]]></content>
    </Text>
    <GalleryTitle><![CDATA[Footer (c) Alkacon Software GmbH & Co. KG]]></GalleryTitle>
  </ApolloSection>
</ApolloSections>
