<?xml version="1.0" encoding="UTF-8"?>

<ApolloSections xmlns:xsi="http://www.w3.org/2001/XMLSchema-instance" xsi:noNamespaceSchemaLocation="opencms://system/modules/org.opencms.apollo/schemas/section.xsd">
  <ApolloSection language="en">
    <Headline><![CDATA[Apollo Demo]]></Headline>
    <Text name="Text0">
      <links/>
      <content><![CDATA[<p>Example responsive website build with&nbsp;the&nbsp;<strong>Apollo Template</strong> based on Bootstrap.</p>]]></content>
    </Text>
    <Link>
      <Text><![CDATA[Demo Website]]></Text>
      <URI>
        <link internal="true" type="WEAK">
          <target><![CDATA[/sites/default/apollo-demo/]]></target>
          <uuid>acb43685-5224-11e5-9495-0242ac11002b</uuid>
        </link>
      </URI>
    </Link>
  </ApolloSection>
</ApolloSections>
