<?xml version="1.0" encoding="UTF-8"?>

<ApolloSections xmlns:xsi="http://www.w3.org/2001/XMLSchema-instance" xsi:noNamespaceSchemaLocation="opencms://system/modules/org.opencms.apollo/schemas/section.xsd">
  <ApolloSection language="en">
    <Headline><![CDATA[Administrator login info]]></Headline>
    <Text name="Text0">
      <links/>
      <content><![CDATA[<p><span class="badge badge-orange">Username: Admin</span></p>
<p><span class="badge badge-orange">Password: admin</span></p>
<p><em>You should change the Admin password as soon as possible! </em>Do this in the OpenCms <em>Account Management</em> app that you can access through the "Rocket" symbol in the toolbar.</p>
<p>Note that for this demo the users <strong>Author</strong>, <strong>Editor</strong>, <strong>Gallator</strong>, <strong>Templator</strong> and <strong>Demo</strong> have been created as well. You should also change their passwords or disable / delete these users completely.</p>]]></content>
    </Text>
  </ApolloSection>
</ApolloSections>
