<?xml version="1.0" encoding="UTF-8"?>

<ApolloSections xmlns:xsi="http://www.w3.org/2001/XMLSchema-instance" xsi:noNamespaceSchemaLocation="opencms://system/modules/org.opencms.apollo/schemas/section.xsd">
  <ApolloSection language="en">
    <Headline><![CDATA[The Image Gallery Element]]></Headline>
    <Text name="Text0">
      <links/>
      <content><![CDATA[<p>The <em>Image Gallery</em> creates a list of all images found in&nbsp;a given source folder. The gallery supports zooming and swiping on mobile devices.</p>
<p>The zoom effect can also be applied to individual images, which create a gallery from all zooming images on the page.</p>]]></content>
    </Text>
    <Image>
      <Image>
        <link type="WEAK">
          <target><![CDATA[/sites/default/.galleries/cliparts/default.png]]></target>
          <uuid>ecdb83f0-1dd4-11e6-b998-0242ac11002b</uuid>
        </link>
      </Image>
      <Title><![CDATA[Defaul placeholder image]]></Title>
    </Image>
  </ApolloSection>
</ApolloSections>
