<?xml version="1.0" encoding="UTF-8"?>

<ApolloSections xmlns:xsi="http://www.w3.org/2001/XMLSchema-instance" xsi:noNamespaceSchemaLocation="opencms://system/modules/org.opencms.apollo/schemas/section.xsd">
  <ApolloSection language="en">
    <Headline><![CDATA[The Contact Information element]]></Headline>
    <Text name="Text0">
      <links/>
      <content><![CDATA[<p>With the <em>Contact Information</em>, details about a person and/or company address can be shown in different ways.</p>]]></content>
    </Text>
  </ApolloSection>
</ApolloSections>
