<?xml version="1.0" encoding="UTF-8"?>

<ApolloSections xmlns:xsi="http://www.w3.org/2001/XMLSchema-instance" xsi:noNamespaceSchemaLocation="opencms://system/modules/org.opencms.apollo/schemas/section.xsd">
  <ApolloSection language="de">
    <Headline><![CDATA[Responsiv]]></Headline>
    <Text name="Text0">
      <links/>
      <content><![CDATA[<p>OpenCms kommt mit dem&nbsp;responsiven Apollo Template auf der Basis von Bootstrap.</p>]]></content>
    </Text>
    <Image>
      <Image>
        <link type="WEAK">
          <target><![CDATA[/sites/default/.galleries/people/18.jpg]]></target>
          <uuid>241ab586-590b-11e4-903d-005056b61161</uuid>
          <query><![CDATA[__scale=h:600,w:600,cx:13,cy:29,ch:751,cw:752]]></query>
        </link>
      </Image>
      <Title/>
    </Image>
  </ApolloSection>
  <ApolloSection language="en">
    <Headline><![CDATA[Responsive]]></Headline>
    <Text name="Text0">
      <links/>
      <content><![CDATA[<p>OpenCms ships with the&nbsp;responsive Apollo Template, based on Bootstrap.</p>]]></content>
    </Text>
    <Image>
      <Image>
        <link type="WEAK">
          <target><![CDATA[/sites/default/.galleries/people/18.jpg]]></target>
          <uuid>241ab586-590b-11e4-903d-005056b61161</uuid>
          <query><![CDATA[__scale=h:600,w:600,cx:13,cy:29,ch:751,cw:752]]></query>
        </link>
      </Image>
      <Title/>
    </Image>
  </ApolloSection>
</ApolloSections>
