<?xml version="1.0" encoding="UTF-8"?>

<ApolloSections xmlns:xsi="http://www.w3.org/2001/XMLSchema-instance" xsi:noNamespaceSchemaLocation="opencms://system/modules/org.opencms.apollo/schemas/section.xsd">
  <ApolloSection language="en">
    <Headline><![CDATA[How to migrate to OpenCms?]]></Headline>
    <Text name="Text0">
      <links/>
      <content><![CDATA[<p>Etiam ultricies nisi vel augue. Curabitur ullamcorper ultricies nisi laoreet. Nam eget dui.</p>]]></content>
    </Text>
  </ApolloSection>
  <ApolloSection language="de">
    <Headline><![CDATA[Wie zu OpenCms wechseln?]]></Headline>
    <Text name="Text0">
      <links/>
      <content><![CDATA[<p>Etiam ultricies nisi vel augue. Curabitur ullamcorper ultricies nisi laoreet. Nam eget dui.</p>]]></content>
    </Text>
  </ApolloSection>
</ApolloSections>
