<?xml version="1.0" encoding="UTF-8"?>

<ApolloSections xmlns:xsi="http://www.w3.org/2001/XMLSchema-instance" xsi:noNamespaceSchemaLocation="opencms://system/modules/org.opencms.apollo/schemas/section.xsd">
  <ApolloSection language="en">
    <Headline><![CDATA[Powerful and easy to use]]></Headline>
    <Text name="Text0">
      <links/>
      <content><![CDATA[<p>Duis autem vel eum iriure dolor &nbsp;hendrerit in vulputate velit esse molestie consequat, vel illum dolore eu feugiat.</p>]]></content>
    </Text>
  </ApolloSection>
</ApolloSections>
