<?xml version="1.0" encoding="UTF-8"?>

<ApolloSections xmlns:xsi="http://www.w3.org/2001/XMLSchema-instance" xsi:noNamespaceSchemaLocation="opencms://system/modules/org.opencms.apollo/schemas/section.xsd">
  <ApolloSection language="en">
    <Headline><![CDATA[Fully Responsive]]></Headline>
    <Text name="Text0">
      <links/>
      <content><![CDATA[<p>Donec quam felis, ultricies nec, pellentesque eu, pretium quis, ipsum sem.</p>]]></content>
    </Text>
  </ApolloSection>
</ApolloSections>
