<?xml version="1.0" encoding="UTF-8"?>

<ApolloSections xmlns:xsi="http://www.w3.org/2001/XMLSchema-instance" xsi:noNamespaceSchemaLocation="opencms://system/modules/org.opencms.apollo/schemas/section.xsd">
  <ApolloSection language="de">
    <Headline><![CDATA[Architektur]]></Headline>
    <Text name="Text0">
      <links/>
      <content><![CDATA[<p>Nam liber tempor cum soluta nobis eleifend option congue nihil imperdiet doming id quod mazim placerat facer possim assum.</p>]]></content>
    </Text>
    <Image>
      <Image>
        <link type="WEAK">
          <target><![CDATA[/sites/default/.galleries/samples/05.jpg]]></target>
          <uuid>c2581db0-4705-11e3-8417-000c29d28104</uuid>
        </link>
      </Image>
    </Image>
  </ApolloSection>
  <ApolloSection language="en">
    <Headline><![CDATA[Design]]></Headline>
    <Text name="Text0">
      <links/>
      <content><![CDATA[<p>Lorem ipsum dolor sit amet. Lorem ipsum dolor sit amet, consetetur sadipscing elitr, sed diam nonumy eirmod tempor invidunt.</p>]]></content>
    </Text>
    <Image>
      <Image>
        <link type="WEAK">
          <target><![CDATA[/sites/default/.galleries/samples/15.jpg]]></target>
          <uuid>c8d186ae-4705-11e3-8417-000c29d28104</uuid>
        </link>
      </Image>
    </Image>
    <Link>
      <Text><![CDATA[More information]]></Text>
      <URI>
        <link internal="true" type="WEAK">
          <target><![CDATA[/sites/default/apollo-demo/home/]]></target>
          <uuid>d53f32c1-5c61-11e5-96ab-0242ac11002b</uuid>
        </link>
      </URI>
    </Link>
  </ApolloSection>
</ApolloSections>
