<?xml version="1.0" encoding="UTF-8"?>

<ApolloSections xmlns:xsi="http://www.w3.org/2001/XMLSchema-instance" xsi:noNamespaceSchemaLocation="opencms://system/modules/org.opencms.apollo/schemas/section.xsd">
  <ApolloSection language="en">
    <Headline><![CDATA[Text in different flavours]]></Headline>
    <Text name="Text0">
      <links>
        <link name="link0" internal="true" type="A">
          <target><![CDATA[/sites/default/apollo-demo/home/]]></target>
          <uuid>d53f32c1-5c61-11e5-96ab-0242ac11002b</uuid>
        </link>
      </links>
      <content><![CDATA[<p>Nullam dictum felis eu pede mollis pretium. Integer tincidunt. Cras dapibus. Vivamus elementum semper nisi. Aenean vulputate eleifend tellus.&nbsp;<a href="%(link0)">Read more...</a></p>]]></content>
    </Text>
  </ApolloSection>
</ApolloSections>
