<?xml version="1.0" encoding="UTF-8"?>

<ApolloSections xmlns:xsi="http://www.w3.org/2001/XMLSchema-instance" xsi:noNamespaceSchemaLocation="opencms://system/modules/org.opencms.apollo/schemas/section.xsd">
  <ApolloSection language="en">
    <Headline><![CDATA[The Layout Row element]]></Headline>
    <Text name="Text0">
      <links/>
      <content><![CDATA[<p>This page demonstrates the flexible grid layout of the Apollo template created using&nbsp;the <em>Layout Row</em> element. This page&nbsp;contains a lot of empty containers. To see the container grid, you need to log in first.</p>]]></content>
    </Text>
    <Link>
      <Text><![CDATA[To the login page...]]></Text>
      <URI>
        <link internal="true" type="WEAK">
          <target><![CDATA[/sites/default/login/]]></target>
          <uuid>d87f4764-58f1-11e4-903d-005056b61161</uuid>
        </link>
      </URI>
    </Link>
  </ApolloSection>
</ApolloSections>
