<?xml version="1.0" encoding="UTF-8"?>

<ApolloSections xmlns:xsi="http://www.w3.org/2001/XMLSchema-instance" xsi:noNamespaceSchemaLocation="opencms://system/modules/org.opencms.apollo/schemas/section.xsd">
  <ApolloSection language="de">
    <Headline><![CDATA[Maschine]]></Headline>
    <Text name="Text0">
      <links/>
      <content><![CDATA[<p>Ut wisi enim ad minim veniam, quis nostrud exerci tation ullamcorper suscipit lobortis nisl ut aliquip ex ea commodo consequat.</p>
<p>&nbsp;</p>]]></content>
    </Text>
    <Image>
      <Image>
        <link type="WEAK">
          <target><![CDATA[/sites/default/.galleries/samples/30.jpg]]></target>
          <uuid>b4b2b636-4785-11e3-ba23-000c29d28104</uuid>
        </link>
      </Image>
    </Image>
  </ApolloSection>
  <ApolloSection language="en">
    <Headline><![CDATA[Machine]]></Headline>
    <Text name="Text0">
      <links/>
      <content><![CDATA[<p>Ut wisi enim ad minim veniam, quis nostrud exerci tation ullamcorper suscipit lobortis nisl ut aliquip ex ea commodo consequat.</p>]]></content>
    </Text>
    <Image>
      <Image>
        <link type="WEAK">
          <target><![CDATA[/sites/default/.galleries/samples/30.jpg]]></target>
          <uuid>b4b2b636-4785-11e3-ba23-000c29d28104</uuid>
        </link>
      </Image>
    </Image>
  </ApolloSection>
</ApolloSections>
