<?xml version="1.0" encoding="UTF-8"?>

<ApolloSections xmlns:xsi="http://www.w3.org/2001/XMLSchema-instance" xsi:noNamespaceSchemaLocation="opencms://system/modules/org.opencms.apollo/schemas/section.xsd">
  <ApolloSection language="en">
    <Headline><![CDATA[About OpenCms]]></Headline>
    <Text name="Text0">
      <links/>
      <content><![CDATA[<p>OpenCms from Alkacon Software is a professional, easy to use website content management system. OpenCms helps content managers worldwide to create beautiful websites fast and efficiently.</p>]]></content>
    </Text>
  </ApolloSection>
  <ApolloSection language="de">
    <Headline><![CDATA[Über OpenCms]]></Headline>
    <Text name="Text0">
      <links/>
      <content><![CDATA[<p>OpenCms von Alkacon Software ist ein professionelles, einfach anzuwendendes Website Content Management System. OpenCms hilft Anwendern weltweit, fantastische Webseiten schnell und einfach zu erstellen.</p>]]></content>
    </Text>
  </ApolloSection>
</ApolloSections>
