<?xml version="1.0" encoding="UTF-8"?>

<ApolloSections xmlns:xsi="http://www.w3.org/2001/XMLSchema-instance" xsi:noNamespaceSchemaLocation="opencms://system/modules/org.opencms.apollo/schemas/section.xsd">
  <ApolloSection language="en">
    <Headline><![CDATA[The Content Section element]]></Headline>
    <Text name="Text0">
      <links/>
      <content><![CDATA[<p>The<em> Content Section</em> element contains&nbsp;a versatile combination of <em>Headline</em>, <em>Text</em>, <em>Link</em> and <em>Image</em>. Using these simple building blocks, you can create&nbsp;individual pages with free content. Several formatters available for the <em>Content Section</em>&nbsp;allow you to style the output in a variety&nbsp;of combinations.</p>]]></content>
    </Text>
    <Image>
      <Image>
        <link type="WEAK">
          <target><![CDATA[/sites/default/.galleries/cliparts/default.png]]></target>
          <uuid>ecdb83f0-1dd4-11e6-b998-0242ac11002b</uuid>
        </link>
      </Image>
      <Title><![CDATA[Defaul placeholder image]]></Title>
    </Image>
  </ApolloSection>
</ApolloSections>
