<?xml version="1.0" encoding="UTF-8"?>

<ApolloSections xmlns:xsi="http://www.w3.org/2001/XMLSchema-instance" xsi:noNamespaceSchemaLocation="opencms://system/modules/org.opencms.apollo/schemas/section.xsd">
  <ApolloSection language="en">
    <Headline><![CDATA[Responsive]]></Headline>
    <Text name="Text0">
      <links/>
      <content><![CDATA[<p>Powerful, Bootstrap 3 based <strong>Apollo Template</strong>.</p>]]></content>
    </Text>
  </ApolloSection>
  <ApolloSection language="de">
    <Headline><![CDATA[Responsiv]]></Headline>
    <Text name="Text0">
      <links/>
      <content><![CDATA[<p>Mächtiges <strong>Apollo Template</strong>, basierend auf&nbsp;Bootstrap 3.</p>]]></content>
    </Text>
  </ApolloSection>
</ApolloSections>
