<?xml version="1.0" encoding="UTF-8"?>

<ApolloSections xmlns:xsi="http://www.w3.org/2001/XMLSchema-instance" xsi:noNamespaceSchemaLocation="opencms://system/modules/org.opencms.apollo/schemas/section.xsd">
  <ApolloSection language="de">
    <Headline><![CDATA[Es macht Spass]]></Headline>
    <Text name="Text0">
      <links/>
      <content><![CDATA[<p>Lorem ipsum dolor sit amet, consectetuer adipiscing elit, sed diam nonummy nibh euismod tincidunt ut laoreet dolore magna aliquam erat volutpat.</p>]]></content>
    </Text>
    <Image>
      <Image>
        <link type="WEAK">
          <target><![CDATA[/sites/default/.galleries/people/04.jpg]]></target>
          <uuid>b34d8f62-4705-11e3-8417-000c29d28104</uuid>
        </link>
      </Image>
    </Image>
    <Link>
      <Text><![CDATA[Mehr Infos]]></Text>
      <URI>
        <link internal="true" type="WEAK">
          <target><![CDATA[/sites/default/apollo-demo/the-team/]]></target>
          <uuid>a3023c68-6079-11e5-9eef-0242ac11002b</uuid>
        </link>
      </URI>
    </Link>
  </ApolloSection>
  <ApolloSection language="en">
    <Headline><![CDATA[Fun]]></Headline>
    <Text name="Text0">
      <links/>
      <content><![CDATA[<p>Lorem ipsum dolor sit amet, consectetuer adipiscing elit, sed diam nonummy nibh euismod tincidunt ut laoreet dolore magna aliquam erat volutpat.</p>]]></content>
    </Text>
    <Image>
      <Image>
        <link type="WEAK">
          <target><![CDATA[/sites/default/.galleries/people/04.jpg]]></target>
          <uuid>b34d8f62-4705-11e3-8417-000c29d28104</uuid>
        </link>
      </Image>
    </Image>
    <Link>
      <Text><![CDATA[Read more]]></Text>
      <URI>
        <link internal="true" type="WEAK">
          <target><![CDATA[/sites/default/apollo-demo/the-team/]]></target>
          <uuid>a3023c68-6079-11e5-9eef-0242ac11002b</uuid>
        </link>
      </URI>
    </Link>
  </ApolloSection>
</ApolloSections>
