<?xml version="1.0" encoding="UTF-8"?>

<ApolloSections xmlns:xsi="http://www.w3.org/2001/XMLSchema-instance" xsi:noNamespaceSchemaLocation="opencms://system/modules/org.opencms.apollo/schemas/section.xsd">
  <ApolloSection language="en">
    <Headline><![CDATA[Total Control]]></Headline>
    <Text name="Text0">
      <links/>
      <content><![CDATA[<p>Decide who is allowed to edit parts of a page.</p>]]></content>
    </Text>
  </ApolloSection>
  <ApolloSection language="de">
    <Headline><![CDATA[Totale Kontrolle]]></Headline>
    <Text name="Text0">
      <links/>
      <content><![CDATA[<p>Legen Sie fest, wer welche Teile einer Seite ändern darf.</p>]]></content>
    </Text>
  </ApolloSection>
</ApolloSections>
