<?xml version="1.0" encoding="UTF-8"?>

<ApolloSections xmlns:xsi="http://www.w3.org/2001/XMLSchema-instance" xsi:noNamespaceSchemaLocation="opencms://system/modules/org.opencms.apollo/schemas/section.xsd">
  <ApolloSection language="en">
    <Headline><![CDATA[The Simple Slider element]]></Headline>
    <Text name="Text0">
      <links/>
      <content><![CDATA[<p>This page demonstrates&nbsp;the two versions of the <em>Simple Slider</em> element. You can select the appearance either as <em>Slider</em> or <em>Carousel</em> through the element settings.</p>]]></content>
    </Text>
  </ApolloSection>
</ApolloSections>
