<?xml version="1.0" encoding="UTF-8"?>

<ApolloSections xmlns:xsi="http://www.w3.org/2001/XMLSchema-instance" xsi:noNamespaceSchemaLocation="opencms://system/modules/org.opencms.apollo/schemas/section.xsd">
  <ApolloSection language="en">
    <Headline><![CDATA[The FAQ Entry element]]></Headline>
    <Text name="Text0">
      <links/>
      <content><![CDATA[<p>The <em>FAQ Entry</em> is a specialized content for creating contents for frequently asked questions. It can contain a question and several paragraphs with images. The <em>FAQ Entry</em> is similar to the <em>Blog Article.</em>&nbsp;Compared to the much simpler&nbsp;<em>Content Section&nbsp;</em>the&nbsp;<em>FAQ Entry</em> is&nbsp;a semantic entity.</p>
<p>The&nbsp;full content of a&nbsp;<em>FAQ Entry</em> is usually displayed on a&nbsp;<em>Detail page </em>that is accessed&nbsp;through a<em> List </em>like the one below.</p>]]></content>
    </Text>
    <Image>
      <Image>
        <link type="WEAK">
          <target><![CDATA[/sites/default/.galleries/cliparts/default.png]]></target>
          <uuid>ecdb83f0-1dd4-11e6-b998-0242ac11002b</uuid>
        </link>
      </Image>
      <Title><![CDATA[Defaul placeholder image]]></Title>
    </Image>
  </ApolloSection>
</ApolloSections>
