<?xml version="1.0" encoding="UTF-8"?>

<ApolloSections xmlns:xsi="http://www.w3.org/2001/XMLSchema-instance" xsi:noNamespaceSchemaLocation="opencms://system/modules/org.opencms.apollo/schemas/section.xsd">
  <ApolloSection language="en">
    <Headline><![CDATA[The List element]]></Headline>
    <Text name="Text0">
      <links/>
      <content><![CDATA[<p>The&nbsp;<em>List&nbsp;</em>element enables you to show&nbsp;automatically&nbsp;generated&nbsp;lists of content elements on a page. In the list configuration, you must&nbsp;set the list&nbsp;type&nbsp;and&nbsp;the source folder for the list elements. If required, you can also set&nbsp;additional&nbsp;filters or search criteria.</p>
<p>Often a list displays only a short 'teaser' form of the result element. The&nbsp;full content of the result&nbsp;elements in this case is&nbsp;displayed on a&nbsp;<em>Detail page</em>. The&nbsp;detail page must be configured&nbsp;in the sitemap.</p>]]></content>
    </Text>
    <Image>
      <Image>
        <link type="WEAK">
          <target><![CDATA[/sites/default/.galleries/cliparts/default.png]]></target>
          <uuid>ecdb83f0-1dd4-11e6-b998-0242ac11002b</uuid>
        </link>
      </Image>
      <Title><![CDATA[Defaul placeholder image]]></Title>
    </Image>
  </ApolloSection>
</ApolloSections>
