<?xml version="1.0" encoding="UTF-8"?>

<ApolloSections xmlns:xsi="http://www.w3.org/2001/XMLSchema-instance" xsi:noNamespaceSchemaLocation="opencms://system/modules/org.opencms.apollo/schemas/section.xsd">
  <ApolloSection language="en">
    <Headline><![CDATA[About OpenCms]]></Headline>
    <Text name="Text0">
      <links/>
      <content><![CDATA[<p>OpenCms is great. Easy to use. Fun to work with. Simple and intuitive. Yet full featured and powerful. Comes with the ready-to-use Apollo&nbsp;Template to get your new website online&nbsp;quickly.</p>]]></content>
    </Text>
    <Link>
      <Text><![CDATA[Read more]]></Text>
      <URI>
        <link internal="true" type="WEAK">
          <target><![CDATA[/sites/default/apollo-demo/home/]]></target>
          <uuid>d53f32c1-5c61-11e5-96ab-0242ac11002b</uuid>
        </link>
      </URI>
    </Link>
  </ApolloSection>
  <ApolloSection language="de">
    <Headline><![CDATA[Über OpenCms]]></Headline>
    <Text name="Text0">
      <links/>
      <content><![CDATA[<p>OpenCms ist großartig. Einfach zu benutzen. Es macht Spass damit zu arbeiten. Trotzdem mit vielen mächtigen Funktionen versehen. Das verwendungsfertige Apollo-Template ist auch gleich mit dabei.</p>]]></content>
    </Text>
    <Link>
      <Text><![CDATA[Mehr erfahren]]></Text>
      <URI>
        <link internal="true" type="WEAK">
          <target><![CDATA[/sites/default/apollo-demo/home/]]></target>
          <uuid>d53f32c1-5c61-11e5-96ab-0242ac11002b</uuid>
        </link>
      </URI>
    </Link>
  </ApolloSection>
</ApolloSections>
