<?xml version="1.0" encoding="UTF-8"?>

<ApolloSections xmlns:xsi="http://www.w3.org/2001/XMLSchema-instance" xsi:noNamespaceSchemaLocation="opencms://system/modules/org.opencms.apollo/schemas/section.xsd">
  <ApolloSection language="en">
    <Headline><![CDATA[Our Blog]]></Headline>
    <Text name="Text0">
      <links/>
      <content><![CDATA[<p>Lorem ipsum dolor sit amet, consectetuer adipiscing elit, sed diam nonummy nibh euismod tincidunt ut laoreet dolore magna aliquam.</p>]]></content>
    </Text>
  </ApolloSection>
  <ApolloSection language="de">
    <Headline><![CDATA[Unser Tagebuch]]></Headline>
    <Text name="Text0">
      <links/>
      <content><![CDATA[<p>Na gut normalerweise würde das in Deutsch auch Blog genannt. Aber hier geht es ja um die Demonstration der Übersetzung ;)</p>]]></content>
    </Text>
  </ApolloSection>
</ApolloSections>
