<?xml version="1.0" encoding="UTF-8"?>

<ApolloSections xmlns:xsi="http://www.w3.org/2001/XMLSchema-instance" xsi:noNamespaceSchemaLocation="opencms://system/modules/org.opencms.apollo/schemas/section.xsd">
  <ApolloSection language="de">
    <Headline><![CDATA[OpenCms hat alle Funktionen]]></Headline>
    <Text name="Text0">
      <links>
        <link name="link0" internal="true" type="A">
          <target><![CDATA[/sites/default/apollo-demo-de/start/]]></target>
          <uuid>bd9e5ee2-80b4-11e6-9607-0242ac11002b</uuid>
          <anchor><![CDATA[anchor]]></anchor>
          <query><![CDATA[a=b]]></query>
        </link>
      </links>
      <content><![CDATA[<p><a href="%(link0)">Lorem ipsum dolor</a> sit amet, consetetur sadipscing elitr, sed diam nonumy eirmod tempor invidunt ut labore et dolore&nbsp;magna aliquyam erat, sed diam voluptua. At vero eos et accusam et justo duo dolores et ea rebum. Stet clita kasd gubergren, no sea takimata sanctus est Lorem ipsum dolor sit amet.</p>
<p>Lorem ipsum dolor sit amet, consetetur sadipscing elitr, sed diam nonumy eirmod tempor invidunt ut labore et dolore magna aliquyam erat, sed diam voluptua. At vero eos et accusam et justo duo dolores et ea rebum. Stet clita kasd gubergren, no sea takimata sanctus est Lorem ipsum dolor sit amet.</p>]]></content>
    </Text>
    <Image>
      <Image>
        <link type="WEAK">
          <target><![CDATA[/sites/default/.galleries/people/14.jpg]]></target>
          <uuid>f676369c-55f8-11e4-8db5-005056b61161</uuid>
        </link>
      </Image>
    </Image>
    <Link>
      <Text><![CDATA[Das Tutorial ansehen]]></Text>
      <URI>
        <link internal="true" type="WEAK">
          <target><![CDATA[/sites/default/tutorial/]]></target>
          <uuid>e46f947b-6100-11e5-9eef-0242ac11002b</uuid>
        </link>
      </URI>
    </Link>
  </ApolloSection>
  <ApolloSection language="en">
    <Headline><![CDATA[OpenCms has all the features]]></Headline>
    <Text name="Text0">
      <links>
        <link name="link0" internal="true" type="A">
          <target><![CDATA[/sites/default/apollo-demo-de/start/]]></target>
          <uuid>bd9e5ee2-80b4-11e6-9607-0242ac11002b</uuid>
          <anchor><![CDATA[anchor]]></anchor>
          <query><![CDATA[a=b]]></query>
        </link>
      </links>
      <content><![CDATA[<p><a href="%(link0)">Lorem ipsum dolor</a> sit amet, consetetur sadipscing elitr, sed diam nonumy eirmod tempor invidunt ut labore et dolore&nbsp;magna aliquyam erat, sed diam voluptua. At vero eos et accusam et justo duo dolores et ea rebum. Stet clita kasd gubergren, no sea takimata sanctus est Lorem ipsum dolor sit amet.</p>
<p>Lorem ipsum dolor sit amet, consetetur sadipscing elitr, sed diam nonumy eirmod tempor invidunt ut labore et dolore magna aliquyam erat, sed diam voluptua. At vero eos et accusam et justo duo dolores et ea rebum. Stet clita kasd gubergren, no sea takimata sanctus est Lorem ipsum dolor sit amet.</p>]]></content>
    </Text>
    <Image>
      <Image>
        <link type="WEAK">
          <target><![CDATA[/sites/default/.galleries/people/14.jpg]]></target>
          <uuid>f676369c-55f8-11e4-8db5-005056b61161</uuid>
        </link>
      </Image>
    </Image>
    <Link>
      <Text><![CDATA[See the tutorial]]></Text>
      <URI>
        <link internal="true" type="WEAK">
          <target><![CDATA[/sites/default/tutorial/]]></target>
          <uuid>e46f947b-6100-11e5-9eef-0242ac11002b</uuid>
        </link>
      </URI>
    </Link>
  </ApolloSection>
</ApolloSections>
