<?xml version="1.0" encoding="UTF-8"?>

<ApolloSections xmlns:xsi="http://www.w3.org/2001/XMLSchema-instance" xsi:noNamespaceSchemaLocation="opencms://system/modules/org.opencms.apollo/schemas/section.xsd">
  <ApolloSection language="en">
    <Headline><![CDATA[Different element settings for the links]]></Headline>
    <Text name="Text0">
      <links/>
      <content><![CDATA[<p>The settings allow to select different link icons and more.</p>]]></content>
    </Text>
  </ApolloSection>
</ApolloSections>
