<?xml version="1.0" encoding="UTF-8"?>

<ApolloSections xmlns:xsi="http://www.w3.org/2001/XMLSchema-instance" xsi:noNamespaceSchemaLocation="opencms://system/modules/org.opencms.apollo/schemas/section.xsd">
  <ApolloSection language="en">
    <Headline><![CDATA[Grid Layout]]></Headline>
    <Text name="Text0">
      <links/>
      <content><![CDATA[<p>Create dynamic, multicolumn page layouts.</p>]]></content>
    </Text>
  </ApolloSection>
  <ApolloSection language="de">
    <Headline><![CDATA[Layout-Raster]]></Headline>
    <Text name="Text0">
      <links/>
      <content><![CDATA[<p>Erstellen Sie dynamische&nbsp;Layouts mit vielen Spalten.</p>]]></content>
    </Text>
  </ApolloSection>
</ApolloSections>
