<?xml version="1.0" encoding="UTF-8"?>

<ApolloSections xmlns:xsi="http://www.w3.org/2001/XMLSchema-instance" xsi:noNamespaceSchemaLocation="opencms://system/modules/org.opencms.apollo/schemas/section.xsd">
  <ApolloSection language="en">
    <Headline><![CDATA[Great options for developers]]></Headline>
    <Text name="Text0">
      <links>
        <link name="link0" internal="false" type="A">
          <target><![CDATA[http://documentation.opencms.org/central/]]></target>
        </link>
      </links>
      <content><![CDATA[<p>OpenCms 10.5 offers extensive features for developers to create great websites. With the integration of SOLR, CMIS and a powerful Template-API, nothing is impossible.</p>
<p>The <strong>Git integration</strong> app available from the new Launchpad enables you to easily push or pull changed module content without leaving OpenCms.</p>
<p>Check the updated&nbsp;<a href="%(link0)">OpenCms Documentation</a> for more info about the new developer features.</p>]]></content>
    </Text>
    <Image>
      <Image>
        <link type="WEAK">
          <target><![CDATA[/sites/default/.galleries/people/36.jpg]]></target>
          <uuid>3eedf6b7-7061-11e6-9a42-0242ac11002b</uuid>
        </link>
      </Image>
      <Title/>
      <Copyright><![CDATA[CC0 Public Domain / Pixabay.com]]></Copyright>
    </Image>
  </ApolloSection>
  <ApolloSection language="de">
    <Headline><![CDATA[Tolle Möglichkeiten für Entwickler]]></Headline>
    <Text name="Text0">
      <links>
        <link name="link0" internal="false" type="A">
          <target><![CDATA[http://documentation.opencms.org/central/]]></target>
        </link>
      </links>
      <content><![CDATA[<p>OpenCms 10.5 gibt Entwicklern umfangreiche Möglichkeiten, fantastische Webseiten zu erstellen. Mit der Integration von SOLR, CMIS sowie einer mächtigen Template-API ist nichts unmöglich.</p>
<p>Die <strong>Integration von Git</strong> ermöglicht es, geänderte Module oder Inhalte direkt von OpenCms einchecken zu lassen.</p>
<p>Sehen Sie sich die <a href="%(link0)">OpenCms Dokumentation</a>&nbsp;für Entwickler an, um alle Details zu erfahren.</p>]]></content>
    </Text>
    <Image>
      <Image>
        <link type="WEAK">
          <target><![CDATA[/sites/default/.galleries/people/36.jpg]]></target>
          <uuid>3eedf6b7-7061-11e6-9a42-0242ac11002b</uuid>
        </link>
      </Image>
      <Title/>
    </Image>
  </ApolloSection>
</ApolloSections>
