<?xml version="1.0" encoding="UTF-8"?>

<ApolloSections xmlns:xsi="http://www.w3.org/2001/XMLSchema-instance" xsi:noNamespaceSchemaLocation="opencms://system/modules/org.opencms.apollo/schemas/section.xsd">
  <ApolloSection language="en">
    <Headline><![CDATA[OpenCms Logo Image]]></Headline>
    <Text name="Text0">
      <links/>
      <content/>
    </Text>
    <Image>
      <Image>
        <link type="WEAK">
          <target><![CDATA[/sites/default/tutorial/.galleries/tutorial-images/opencms_logo.png]]></target>
          <uuid>36fbc84e-6101-11e5-9eef-0242ac11002b</uuid>
        </link>
      </Image>
      <Title><![CDATA[OpenCms]]></Title>
    </Image>
    <Link>
      <Text/>
      <URI>
        <link internal="true" type="WEAK">
          <target><![CDATA[/sites/default/index.html]]></target>
          <uuid>37a44795-5ab9-11e4-955d-005056b61161</uuid>
        </link>
      </URI>
    </Link>
  </ApolloSection>
</ApolloSections>
