<?xml version="1.0" encoding="UTF-8"?>

<ApolloFaqs xmlns:xsi="http://www.w3.org/2001/XMLSchema-instance" xsi:noNamespaceSchemaLocation="opencms://system/modules/org.opencms.apollo/schemas/faq.xsd">
  <ApolloFaq language="de">
    <Question><![CDATA[Träumen Androiden von elektischen Schafen?]]></Question>
    <Date>1471851000000</Date>
    <Order><![CDATA[950]]></Order>
    <Paragraph>
      <Headline><![CDATA[No. But iOs does.]]></Headline>
      <Text name="Text0">
        <links/>
        <content><![CDATA[<p>Nam quam nunc, blandit vel, luctus pulvinar, hendrerit id, lorem. Maecenas nec odio et ante tincidunt tempus. Donec vitae sapien ut libero venenatis faucibus.</p>
<p>Cum sociis natoque penatibus et magnis dis parturient montes, nascetur ridiculus mus. Donec quam felis, ultricies nec, pellentesque eu, pretium quis, sem. Nulla consequat massa quis enim.</p>]]></content>
      </Text>
      <Image>
        <Image>
          <link type="WEAK">
            <target><![CDATA[/sites/default/.galleries/samples/53.jpg]]></target>
            <uuid>606c1c5a-7049-11e6-9a42-0242ac11002b</uuid>
          </link>
        </Image>
        <Copyright><![CDATA[CC0 Public Domain / Pixabay.com]]></Copyright>
      </Image>
    </Paragraph>
    <Category>
      <!--Categories are read dynamically-->
    </Category>
    <GalleryTitle><![CDATA[%(value:Question)]]></GalleryTitle>
  </ApolloFaq>
  <ApolloFaq language="en">
    <Question><![CDATA[Do androids dream of electric sheep?]]></Question>
    <Date>1471851000000</Date>
    <Order><![CDATA[950]]></Order>
    <Paragraph>
      <Headline><![CDATA[No. But iOs does.]]></Headline>
      <Text name="Text0">
        <links/>
        <content><![CDATA[<p>Nam quam nunc, blandit vel, luctus pulvinar, hendrerit id, lorem. Maecenas nec odio et ante tincidunt tempus. Donec vitae sapien ut libero venenatis faucibus.</p>
<p>Cum sociis natoque penatibus et magnis dis parturient montes, nascetur ridiculus mus. Donec quam felis, ultricies nec, pellentesque eu, pretium quis, sem. Nulla consequat massa quis enim.</p>]]></content>
      </Text>
      <Image>
        <Image>
          <link type="WEAK">
            <target><![CDATA[/sites/default/.galleries/samples/53.jpg]]></target>
            <uuid>606c1c5a-7049-11e6-9a42-0242ac11002b</uuid>
          </link>
        </Image>
        <Copyright><![CDATA[CC0 Public Domain / Pixabay.com]]></Copyright>
      </Image>
    </Paragraph>
    <Category>
      <!--Categories are read dynamically-->
    </Category>
    <GalleryTitle><![CDATA[%(value:Question)]]></GalleryTitle>
  </ApolloFaq>
</ApolloFaqs>
