<?xml version="1.0" encoding="UTF-8"?>

<ApolloFaqs xmlns:xsi="http://www.w3.org/2001/XMLSchema-instance" xsi:noNamespaceSchemaLocation="opencms://system/modules/org.opencms.apollo/schemas/faq.xsd">
  <ApolloFaq language="de">
    <Question><![CDATA[Stimmt es dass Kannibalen keine Clowns mögen weil sie komisch schmecken?]]></Question>
    <Date>1472713200000</Date>
    <Order><![CDATA[750]]></Order>
    <Paragraph>
      <Text name="Text0">
        <links/>
        <content><![CDATA[<p>Curabitur ullamcorper ultricies nisi. Nam eget dui. Etiam rhoncus. Maecenas tempus, tellus eget condimentum rhoncus, sem quam semper libero, sit amet adipiscing sem neque sed ipsum.</p>
<p>Donec vitae sapien ut libero venenatis faucibus. Nullam quis ante. Etiam sit amet orci eget eros faucibus tincidunt. Duis leo. Sed fringilla mauris sit amet nibh.</p>]]></content>
      </Text>
      <Image>
        <Image>
          <link type="WEAK">
            <target><![CDATA[/sites/default/.galleries/samples/54.jpg]]></target>
            <uuid>7410e3da-704f-11e6-9a42-0242ac11002b</uuid>
          </link>
        </Image>
        <Copyright><![CDATA[CC0 Public Domain / Pixabay.com]]></Copyright>
      </Image>
      <Link>
        <Text><![CDATA[Full information]]></Text>
        <URI>
          <link internal="false" type="WEAK">
            <target><![CDATA[https://en.wikipedia.org/wiki/Clown]]></target>
          </link>
        </URI>
        <NewWindow>true</NewWindow>
      </Link>
    </Paragraph>
    <Category>
      <!--Categories are read dynamically-->
    </Category>
    <GalleryTitle><![CDATA[%(value:Question)]]></GalleryTitle>
  </ApolloFaq>
  <ApolloFaq language="en">
    <Question><![CDATA[Is it true cannibals don't eat clowns because they taste funny?]]></Question>
    <Date>1472713200000</Date>
    <Order><![CDATA[750]]></Order>
    <Paragraph>
      <Text name="Text0">
        <links/>
        <content><![CDATA[<p>Curabitur ullamcorper ultricies nisi. Nam eget dui. Etiam rhoncus. Maecenas tempus, tellus eget condimentum rhoncus, sem quam semper libero, sit amet adipiscing sem neque sed ipsum.</p>
<p>Donec vitae sapien ut libero venenatis faucibus. Nullam quis ante. Etiam sit amet orci eget eros faucibus tincidunt. Duis leo. Sed fringilla mauris sit amet nibh.</p>]]></content>
      </Text>
      <Image>
        <Image>
          <link type="WEAK">
            <target><![CDATA[/sites/default/.galleries/samples/54.jpg]]></target>
            <uuid>7410e3da-704f-11e6-9a42-0242ac11002b</uuid>
          </link>
        </Image>
        <Copyright><![CDATA[CC0 Public Domain / Pixabay.com]]></Copyright>
      </Image>
      <Link>
        <Text><![CDATA[Full information]]></Text>
        <URI>
          <link internal="false" type="WEAK">
            <target><![CDATA[https://en.wikipedia.org/wiki/Clown]]></target>
          </link>
        </URI>
        <NewWindow>true</NewWindow>
      </Link>
    </Paragraph>
    <Category>
      <!--Categories are read dynamically-->
    </Category>
    <GalleryTitle><![CDATA[%(value:Question)]]></GalleryTitle>
  </ApolloFaq>
</ApolloFaqs>
