<?xml version="1.0" encoding="UTF-8"?>

<ApolloFaqs xmlns:xsi="http://www.w3.org/2001/XMLSchema-instance" xsi:noNamespaceSchemaLocation="opencms://system/modules/org.opencms.apollo/schemas/faq.xsd">
  <ApolloFaq language="de">
    <Question><![CDATA[Wenn man Pasta and Antipasta isst, ist man dann immer noch hungrig?]]></Question>
    <Date>1471248000000</Date>
    <Order><![CDATA[850]]></Order>
    <Paragraph>
      <Text name="Text0">
        <links/>
        <content><![CDATA[<p>Aliquam lorem ante, dapibus in, viverra quis, feugiat a, tellus. Phasellus viverra nulla ut metus varius laoreet. Quisque rutrum. Aenean imperdiet. Etiam ultricies nisi vel augue.</p>
<p>Curabitur ullamcorper ultricies nisi. Nam eget dui. Etiam rhoncus. Maecenas tempus, tellus eget condimentum rhoncus, sem quam semper libero, sit amet adipiscing sem neque sed ipsum.</p>]]></content>
      </Text>
      <Image>
        <Image>
          <link type="WEAK">
            <target><![CDATA[/sites/default/.galleries/samples/51.jpg]]></target>
            <uuid>38e0e3bc-7047-11e6-9a42-0242ac11002b</uuid>
          </link>
        </Image>
        <Copyright><![CDATA[pixabay.com]]></Copyright>
      </Image>
    </Paragraph>
    <Category>
      <!--Categories are read dynamically-->
    </Category>
    <GalleryTitle><![CDATA[%(value:Question)]]></GalleryTitle>
  </ApolloFaq>
  <ApolloFaq language="en">
    <Question><![CDATA[When you eat pasta and antipasta, will you still be hungry ?]]></Question>
    <Date>1471248000000</Date>
    <Order><![CDATA[850]]></Order>
    <Paragraph>
      <Text name="Text0">
        <links/>
        <content><![CDATA[<p>Aliquam lorem ante, dapibus in, viverra quis, feugiat a, tellus. Phasellus viverra nulla ut metus varius laoreet. Quisque rutrum. Aenean imperdiet. Etiam ultricies nisi vel augue.</p>
<p>Curabitur ullamcorper ultricies nisi. Nam eget dui. Etiam rhoncus. Maecenas tempus, tellus eget condimentum rhoncus, sem quam semper libero, sit amet adipiscing sem neque sed ipsum.</p>]]></content>
      </Text>
      <Image>
        <Image>
          <link type="WEAK">
            <target><![CDATA[/sites/default/.galleries/samples/51.jpg]]></target>
            <uuid>38e0e3bc-7047-11e6-9a42-0242ac11002b</uuid>
          </link>
        </Image>
        <Copyright><![CDATA[pixabay.com]]></Copyright>
      </Image>
    </Paragraph>
    <Category>
      <!--Categories are read dynamically-->
    </Category>
    <GalleryTitle><![CDATA[%(value:Question)]]></GalleryTitle>
  </ApolloFaq>
</ApolloFaqs>
