<?xml version="1.0" encoding="UTF-8"?>

<ApolloNavigations xmlns:xsi="http://www.w3.org/2001/XMLSchema-instance" xsi:noNamespaceSchemaLocation="opencms://system/modules/org.opencms.apollo/schemas/navigation.xsd">
  <ApolloNavigation language="en">
    <Title><![CDATA[Tutorial folder navigation]]></Title>
    <NavStartLevel><![CDATA[1]]></NavStartLevel>
    <NavFolder>
      <link type="WEAK">
        <target><![CDATA[/sites/default/tutorial/]]></target>
        <uuid>e46f947b-6100-11e5-9eef-0242ac11002b</uuid>
      </link>
    </NavFolder>
    <Container>true</Container>
    <PullNavUp>true</PullNavUp>
  </ApolloNavigation>
</ApolloNavigations>
