<?xml version="1.0" encoding="UTF-8"?>

<export>
	<info>
		<infoproject>Offline</infoproject>
		<export_version>10</export_version>
	</info>
	<module>
		<name>org.opencms.apollo.template.map</name>
		<nicename><![CDATA[Apollo Template Complex Slider Location Map]]></nicename>
		<group>Apollo Template</group>
		<class/>
		<import-site>/</import-site>
		<export-mode name="reduced"/>
		<description><![CDATA[The OpenCms 10 Apollo template location map extension.]]></description>
		<version>10.5.1</version>
		<authorname><![CDATA[Alkacon Software GmbH & Co. KG]]></authorname>
		<authoremail/>
		<datecreated/>
		<userinstalled/>
		<dateinstalled/>
		<dependencies>
			<dependency name="org.opencms.apollo.template.core" version="10.5.1"/>
		</dependencies>
		<exportpoints/>
		<resources>
			<resource uri="/system/modules/org.opencms.apollo.template.map/"/>
			<resource uri="/system/modules/org.opencms.apollo/formatters/map.jsp"/>
			<resource uri="/system/modules/org.opencms.apollo/formatters/map.xml"/>
			<resource uri="/system/modules/org.opencms.apollo/i18n/org.opencms.apollo.template.map.messages_de"/>
			<resource uri="/system/modules/org.opencms.apollo/i18n/org.opencms.apollo.template.map.messages_en"/>
			<resource uri="/system/modules/org.opencms.apollo/schemas/map.xsd"/>
			<resource uri="/system/modules/org.opencms.apollo/schemas/nested/map-coord.xsd"/>
			<resource uri="/system/workplace/resources/filetypes/a-map.png"/>
			<resource uri="/system/workplace/resources/filetypes/a-map_big.png"/>
		</resources>
		<excluderesources/>
		<parameters/>
		<resourcetypes>
			<type class="org.opencms.file.types.CmsResourceTypeXmlContent" name="a-map" id="461">
				<param name="schema">/system/modules/org.opencms.apollo/schemas/map.xsd</param>
			</type>
		</resourcetypes>
		<explorertypes>
			<explorertype name="a-map" key="fileicon.a-map" icon="a-map.png" bigicon="a-map_big.png" reference="xmlcontent">
				<newresource page="a-menu" uri="newresource_xmlcontent.jsp?newresourcetype=a-map" order="100" autosetnavigation="false" autosettitle="false" info="desc.a-map" key="title.a-map"/>
			</explorertype>
		</explorertypes>
	</module>
	<files>
		<file>
			<destination>system</destination>
			<type>folder</type>
			<properties/>
		</file>
		<file>
			<destination>system/modules</destination>
			<type>folder</type>
			<properties/>
		</file>
		<file>
			<destination>system/modules/org.opencms.apollo.template.map</destination>
			<type>folder</type>
			<uuidstructure>37043755-75a7-11e6-af22-0242ac11002b</uuidstructure>
			<datecreated>Thu, 08 Sep 2016 09:32:52 GMT</datecreated>
			<flags>0</flags>
			<properties/>
			<relations/>
			<accesscontrol/>
		</file>
		<file>
			<source>system/modules/org.opencms.apollo.template.map/.config</source>
			<destination>system/modules/org.opencms.apollo.template.map/.config</destination>
			<type>module_config</type>
			<uuidstructure>462078c7-75a7-11e6-af22-0242ac11002b</uuidstructure>
			<uuidresource>462078c8-75a7-11e6-af22-0242ac11002b</uuidresource>
			<datecreated>Thu, 08 Sep 2016 09:33:17 GMT</datecreated>
			<flags>0</flags>
			<properties>
				<property>
					<name>locale</name>
					<value><![CDATA[en]]></value>
				</property>
				<property>
					<name>locale-available</name>
					<value><![CDATA[en]]></value>
				</property>
				<property>
					<name>search.exclude</name>
					<value><![CDATA[all]]></value>
				</property>
			</properties>
			<relations/>
			<accesscontrol/>
		</file>
		<file>
			<destination>system/modules/org.opencms.apollo</destination>
			<type>folder</type>
			<properties/>
		</file>
		<file>
			<destination>system/modules/org.opencms.apollo/formatters</destination>
			<type>folder</type>
			<properties/>
		</file>
		<file>
			<source>system/modules/org.opencms.apollo/formatters/map.jsp</source>
			<destination>system/modules/org.opencms.apollo/formatters/map.jsp</destination>
			<type>jsp</type>
			<uuidstructure>305620a9-5ad6-11e5-a17e-0242ac11002b</uuidstructure>
			<uuidresource>305620aa-5ad6-11e5-a17e-0242ac11002b</uuidresource>
			<datecreated>Mon, 14 Sep 2015 11:46:08 GMT</datecreated>
			<flags>0</flags>
			<properties>
				<property>
					<name>Title</name>
					<value><![CDATA[Formatter JSP for location map]]></value>
				</property>
				<property>
					<name>cache</name>
					<value><![CDATA[container-element;locale]]></value>
				</property>
				<property type="shared">
					<name>export</name>
					<value><![CDATA[false]]></value>
				</property>
			</properties>
			<relations/>
			<accesscontrol/>
		</file>
		<file>
			<source>system/modules/org.opencms.apollo/formatters/map.xml</source>
			<destination>system/modules/org.opencms.apollo/formatters/map.xml</destination>
			<type>formatter_config</type>
			<uuidstructure>305b02ac-5ad6-11e5-a17e-0242ac11002b</uuidstructure>
			<uuidresource>305b02ad-5ad6-11e5-a17e-0242ac11002b</uuidresource>
			<datecreated>Mon, 14 Sep 2015 11:46:08 GMT</datecreated>
			<flags>0</flags>
			<properties>
				<property>
					<name>Title</name>
					<value><![CDATA[Default location map]]></value>
				</property>
				<property>
					<name>locale</name>
					<value><![CDATA[en]]></value>
				</property>
				<property>
					<name>locale-available</name>
					<value><![CDATA[en]]></value>
				</property>
				<property>
					<name>search.exclude</name>
					<value><![CDATA[all]]></value>
				</property>
			</properties>
			<relations/>
			<accesscontrol/>
		</file>
		<file>
			<destination>system/modules/org.opencms.apollo/i18n</destination>
			<type>folder</type>
			<properties/>
		</file>
		<file>
			<source>system/modules/org.opencms.apollo/i18n/org.opencms.apollo.template.map.messages_de</source>
			<destination>system/modules/org.opencms.apollo/i18n/org.opencms.apollo.template.map.messages_de</destination>
			<type>propertyvfsbundle</type>
			<uuidstructure>ec949ed6-ada9-11e6-a18e-0242ac11002b</uuidstructure>
			<uuidresource>ec949ed7-ada9-11e6-a18e-0242ac11002b</uuidresource>
			<datecreated>Fri, 18 Nov 2016 16:13:21 GMT</datecreated>
			<flags>0</flags>
			<properties>
				<property>
					<name>content-encoding</name>
					<value><![CDATA[UTF-8]]></value>
				</property>
				<property type="shared">
					<name>content-encoding</name>
					<value><![CDATA[UTF-8]]></value>
				</property>
				<property>
					<name>search.exclude</name>
					<value><![CDATA[all]]></value>
				</property>
			</properties>
			<relations/>
			<accesscontrol/>
		</file>
		<file>
			<source>system/modules/org.opencms.apollo/i18n/org.opencms.apollo.template.map.messages_en</source>
			<destination>system/modules/org.opencms.apollo/i18n/org.opencms.apollo.template.map.messages_en</destination>
			<type>propertyvfsbundle</type>
			<uuidstructure>ec964c89-ada9-11e6-a18e-0242ac11002b</uuidstructure>
			<uuidresource>ec964c8a-ada9-11e6-a18e-0242ac11002b</uuidresource>
			<datecreated>Fri, 18 Nov 2016 16:13:21 GMT</datecreated>
			<flags>0</flags>
			<properties>
				<property>
					<name>content-encoding</name>
					<value><![CDATA[UTF-8]]></value>
				</property>
				<property type="shared">
					<name>content-encoding</name>
					<value><![CDATA[UTF-8]]></value>
				</property>
				<property>
					<name>search.exclude</name>
					<value><![CDATA[all]]></value>
				</property>
			</properties>
			<relations/>
			<accesscontrol/>
		</file>
		<file>
			<destination>system/modules/org.opencms.apollo/schemas</destination>
			<type>folder</type>
			<properties/>
		</file>
		<file>
			<source>system/modules/org.opencms.apollo/schemas/map.xsd</source>
			<destination>system/modules/org.opencms.apollo/schemas/map.xsd</destination>
			<type>plain</type>
			<uuidstructure>303cf34c-5ad6-11e5-a17e-0242ac11002b</uuidstructure>
			<uuidresource>303cf34d-5ad6-11e5-a17e-0242ac11002b</uuidresource>
			<datecreated>Mon, 14 Sep 2015 11:46:08 GMT</datecreated>
			<flags>0</flags>
			<properties>
				<property>
					<name>Title</name>
					<value><![CDATA[XSD for a map]]></value>
				</property>
			</properties>
			<relations/>
			<accesscontrol/>
		</file>
		<file>
			<destination>system/modules/org.opencms.apollo/schemas/nested</destination>
			<type>folder</type>
			<properties/>
		</file>
		<file>
			<source>system/modules/org.opencms.apollo/schemas/nested/map-coord.xsd</source>
			<destination>system/modules/org.opencms.apollo/schemas/nested/map-coord.xsd</destination>
			<type>plain</type>
			<uuidstructure>5e7131ef-5ae7-11e5-90c1-0242ac11002b</uuidstructure>
			<uuidresource>5e7131f0-5ae7-11e5-90c1-0242ac11002b</uuidresource>
			<datecreated>Mon, 14 Sep 2015 13:49:07 GMT</datecreated>
			<flags>0</flags>
			<properties>
				<property>
					<name>Title</name>
					<value><![CDATA[Nested XSD for map coordinates]]></value>
				</property>
			</properties>
			<relations/>
			<accesscontrol/>
		</file>
		<file>
			<destination>system/workplace</destination>
			<type>folder</type>
			<properties/>
		</file>
		<file>
			<destination>system/workplace/resources</destination>
			<type>folder</type>
			<properties/>
		</file>
		<file>
			<destination>system/workplace/resources/filetypes</destination>
			<type>folder</type>
			<properties/>
		</file>
		<file>
			<source>system/workplace/resources/filetypes/a-map.png</source>
			<destination>system/workplace/resources/filetypes/a-map.png</destination>
			<type>image</type>
			<uuidstructure>30441f3f-5ad6-11e5-a17e-0242ac11002b</uuidstructure>
			<uuidresource>30441f40-5ad6-11e5-a17e-0242ac11002b</uuidresource>
			<datecreated>Mon, 14 Sep 2015 11:46:08 GMT</datecreated>
			<flags>0</flags>
			<properties>
				<property type="shared">
					<name>image.size</name>
					<value><![CDATA[w:16,h:16]]></value>
				</property>
			</properties>
			<relations/>
			<accesscontrol/>
		</file>
		<file>
			<source>system/workplace/resources/filetypes/a-map_big.png</source>
			<destination>system/workplace/resources/filetypes/a-map_big.png</destination>
			<type>image</type>
			<uuidstructure>3047efd3-5ad6-11e5-a17e-0242ac11002b</uuidstructure>
			<uuidresource>3047efd4-5ad6-11e5-a17e-0242ac11002b</uuidresource>
			<datecreated>Mon, 14 Sep 2015 11:46:08 GMT</datecreated>
			<flags>0</flags>
			<properties>
				<property type="shared">
					<name>image.size</name>
					<value><![CDATA[w:24,h:24]]></value>
				</property>
			</properties>
			<relations/>
			<accesscontrol/>
		</file>
	</files>
</export>
