<?xml version="1.0" encoding="UTF-8"?>

<ApolloSections xmlns:xsi="http://www.w3.org/2001/XMLSchema-instance" xsi:noNamespaceSchemaLocation="opencms://system/modules/org.opencms.apollo/schemas/section.xsd">
  <ApolloSection language="en">
    <Headline><![CDATA[Image galleries]]></Headline>
    <Text name="Text0">
      <links/>
      <content><![CDATA[<p>DerText</p>]]></content>
    </Text>
    <Image>
      <Image>
        <link type="WEAK">
          <target><![CDATA[/sites/default/tutorial/.galleries/tutorial-images/tut-18.png]]></target>
          <uuid>3733a064-6101-11e5-9eef-0242ac11002b</uuid>
        </link>
      </Image>
      <Copyright><![CDATA[(c) CC0 Public Domain / publicdomainpictures.net]]></Copyright>
    </Image>
  </ApolloSection>
</ApolloSections>
