<?xml version="1.0" encoding="UTF-8"?>

<ApolloSections xmlns:xsi="http://www.w3.org/2001/XMLSchema-instance" xsi:noNamespaceSchemaLocation="opencms://system/modules/org.opencms.apollo/schemas/section.xsd">
  <ApolloSection language="en">
    <Headline><![CDATA[It's the same element]]></Headline>
    <Text name="Text0">
      <links/>
      <content><![CDATA[<p>This&nbsp;content section element is reused twice on this page. The output is created using different formatters with special style settings.&nbsp;</p>]]></content>
    </Text>
    <Image>
      <Image>
        <link type="WEAK">
          <target><![CDATA[/sites/default/.galleries/people/15.jpg]]></target>
          <uuid>f67db0b0-55f8-11e4-8db5-005056b61161</uuid>
        </link>
      </Image>
    </Image>
  </ApolloSection>
</ApolloSections>
