<?xml version="1.0" encoding="UTF-8"?>

<ApolloSections xmlns:xsi="http://www.w3.org/2001/XMLSchema-instance" xsi:noNamespaceSchemaLocation="opencms://system/modules/org.opencms.apollo/schemas/section.xsd">
  <ApolloSection language="en">
    <Headline><![CDATA[Using the form based editor]]></Headline>
    <Text name="Text0">
      <links/>
      <content><![CDATA[<p>All content in OpenCms is stored in structured content elements. You can open a&nbsp;full form based editor by either clicking the pen icon that is shown on the "edit point" menu that appears on the upper right of an element, or by clicking the pen icon in the toolbar while you edit content inline.</p>
<p>Using either the form based editor or the inline editor is a matter of preference.</p>]]></content>
    </Text>
    <Link>
      <Text><![CDATA[Continue with step 3: Fun with Formatters]]></Text>
      <URI>
        <link internal="true" type="WEAK">
          <target><![CDATA[/sites/default/tutorial/step-3-fun-with-formatters/]]></target>
          <uuid>82f11fdf-f048-11e5-b20f-0242ac11002b</uuid>
        </link>
      </URI>
    </Link>
  </ApolloSection>
</ApolloSections>
