<?xml version="1.0" encoding="UTF-8"?>

<ApolloSections xmlns:xsi="http://www.w3.org/2001/XMLSchema-instance" xsi:noNamespaceSchemaLocation="opencms://system/modules/org.opencms.apollo/schemas/section.xsd">
  <ApolloSection language="en">
    <Headline><![CDATA[Link to summary]]></Headline>
    <Text name="Text0">
      <links/>
      <content><![CDATA[<p>To publish changes, click on the <em><strong>Publish</strong></em> icon on the left side of the toolbar. The OpenCms publish dialog appears. Here you can select what you want to publish. The dialog allows publishing of just the current page, or all changes you have made in your current session, or all changes. When you have selected something, click the "Publish" button below.</p>
<h3>This concludes this&nbsp;tutorial</h3>]]></content>
    </Text>
    <Link>
      <Text><![CDATA[Continue to: Start exploring OpenCms]]></Text>
      <URI>
        <link internal="true" type="WEAK">
          <target><![CDATA[/sites/default/tutorial/start-exploring-opencms/]]></target>
          <uuid>f0e47136-6127-11e5-9eef-0242ac11002b</uuid>
        </link>
      </URI>
    </Link>
  </ApolloSection>
</ApolloSections>
