<?xml version="1.0" encoding="UTF-8"?>

<ApolloSections xmlns:xsi="http://www.w3.org/2001/XMLSchema-instance" xsi:noNamespaceSchemaLocation="opencms://system/modules/org.opencms.apollo/schemas/section.xsd">
  <ApolloSection language="en">
    <Headline><![CDATA[Default login info]]></Headline>
    <Text name="Text0">
      <links/>
      <content><![CDATA[<p><span class="badge badge-orange">Username:&nbsp;Demo</span></p>
<p><span class="badge badge-orange">Password:&nbsp;password</span></p>
<p><em>Please note: This is one of several&nbsp;users created only for this demo. You should make sure to disable or&nbsp;delete these users in a live installation later.</em></p>]]></content>
    </Text>
  </ApolloSection>
</ApolloSections>
