<?xml version="1.0" encoding="UTF-8"?>

<ApolloSections xmlns:xsi="http://www.w3.org/2001/XMLSchema-instance" xsi:noNamespaceSchemaLocation="opencms://system/modules/org.opencms.apollo/schemas/section.xsd">
  <ApolloSection language="en">
    <Headline><![CDATA[The OpenCms Tutorial]]></Headline>
    <Text name="Text0">
      <links/>
      <content><![CDATA[<p>This tutorial covers basic&nbsp;editing tasks&nbsp;in OpenCms.&nbsp;</p>
<p>It introduces the OpenCms page and sitemap editor, as well as the OpenCms Explorer and Launchpad.</p>]]></content>
    </Text>
    <Image>
      <Image>
        <link type="WEAK">
          <target><![CDATA[/sites/default/.galleries/office/21.jpg]]></target>
          <uuid>2fd97e53-7061-11e6-9a42-0242ac11002b</uuid>
          <query><![CDATA[__scale=h:768,w:910,cx:0,cy:0,ch:768,cw:910]]></query>
        </link>
      </Image>
    </Image>
    <Link>
      <Text><![CDATA[Start the tutorial now!]]></Text>
      <URI>
        <link internal="true" type="WEAK">
          <target><![CDATA[/sites/default/tutorial/]]></target>
          <uuid>e46f947b-6100-11e5-9eef-0242ac11002b</uuid>
        </link>
      </URI>
    </Link>
  </ApolloSection>
</ApolloSections>
