<?xml version="1.0" encoding="UTF-8"?>

<ApolloSections xmlns:xsi="http://www.w3.org/2001/XMLSchema-instance" xsi:noNamespaceSchemaLocation="opencms://system/modules/org.opencms.apollo/schemas/section.xsd">
  <ApolloSection language="en">
    <Headline><![CDATA[This is another element]]></Headline>
    <Text name="Text0">
      <links/>
      <content><![CDATA[<p>This is actually another element with yet different style settings.</p>]]></content>
    </Text>
    <Image>
      <Image>
        <link type="WEAK">
          <target><![CDATA[/sites/default/.galleries/cliparts/default.png]]></target>
          <uuid>ecdb83f0-1dd4-11e6-b998-0242ac11002b</uuid>
        </link>
      </Image>
    </Image>
  </ApolloSection>
</ApolloSections>
