<?xml version="1.0" encoding="UTF-8"?>

<export>
	<info>
		<infoproject>Offline</infoproject>
		<export_version>10</export_version>
	</info>
	<module>
		<name>org.opencms.editors.codemirror</name>
		<nicename><![CDATA[OpenCms CodeMirror editor]]></nicename>
		<group>OpenCms Editors</group>
		<class/>
		<export-mode name="reduced"/>
		<description><![CDATA[<p>This module adds the Open Source text editor CodeMirror to the OpenCms Workplace.</p>
<p>Install this module if you want a source code editor with syntax highlighting. The version of CodeMirror is 5.37.0.</p>
<p><i>&copy; 2018 by Alkacon Software GmbH &amp; Co. KG (http://www.alkacon.com).</i></p>]]></description>
		<version>10.5.4</version>
		<authorname><![CDATA[Alkacon Software GmbH &amp; Co. KG]]></authorname>
		<authoremail><![CDATA[info@alkacon.com]]></authoremail>
		<datecreated/>
		<userinstalled/>
		<dateinstalled/>
		<dependencies/>
		<exportpoints>
			<exportpoint uri="/system/modules/org.opencms.editors.codemirror/classes/" destination="WEB-INF/classes/"/>
		</exportpoints>
		<resources>
			<resource uri="/system/modules/org.opencms.editors.codemirror/"/>
			<resource uri="/system/workplace/editors/codemirror/"/>
		</resources>
		<excluderesources/>
		<parameters/>
	</module>
	<files>
		<file>
			<destination>system</destination>
			<type>folder</type>
			<properties/>
		</file>
		<file>
			<destination>system/modules</destination>
			<type>folder</type>
			<properties/>
		</file>
		<file>
			<destination>system/modules/org.opencms.editors.codemirror</destination>
			<type>folder</type>
			<uuidstructure>5e05bc1b-ba11-11e1-8da3-49528da9658f</uuidstructure>
			<datecreated>Tue, 19 Jun 2012 13:19:15 GMT</datecreated>
			<flags>0</flags>
			<properties/>
			<relations/>
			<accesscontrol/>
		</file>
		<file>
			<destination>system/modules/org.opencms.editors.codemirror/classes</destination>
			<type>folder</type>
			<uuidstructure>655ed69d-ba11-11e1-8da3-49528da9658f</uuidstructure>
			<datecreated>Tue, 19 Jun 2012 13:19:27 GMT</datecreated>
			<flags>0</flags>
			<properties/>
			<relations/>
			<accesscontrol/>
		</file>
		<file>
			<destination>system/modules/org.opencms.editors.codemirror/classes/org</destination>
			<type>folder</type>
			<uuidstructure>721080b1-ba11-11e1-8da3-49528da9658f</uuidstructure>
			<datecreated>Tue, 19 Jun 2012 13:19:48 GMT</datecreated>
			<flags>0</flags>
			<properties/>
			<relations/>
			<accesscontrol/>
		</file>
		<file>
			<destination>system/modules/org.opencms.editors.codemirror/classes/org/opencms</destination>
			<type>folder</type>
			<uuidstructure>78503bf3-ba11-11e1-8da3-49528da9658f</uuidstructure>
			<datecreated>Tue, 19 Jun 2012 13:19:59 GMT</datecreated>
			<flags>0</flags>
			<properties/>
			<relations/>
			<accesscontrol/>
		</file>
		<file>
			<destination>system/modules/org.opencms.editors.codemirror/classes/org/opencms/editors</destination>
			<type>folder</type>
			<uuidstructure>7f66a825-ba11-11e1-8da3-49528da9658f</uuidstructure>
			<datecreated>Tue, 19 Jun 2012 13:20:11 GMT</datecreated>
			<flags>0</flags>
			<properties/>
			<relations/>
			<accesscontrol/>
		</file>
		<file>
			<destination>system/modules/org.opencms.editors.codemirror/classes/org/opencms/editors/codemirror</destination>
			<type>folder</type>
			<uuidstructure>85851fc7-ba11-11e1-8da3-49528da9658f</uuidstructure>
			<datecreated>Tue, 19 Jun 2012 13:20:21 GMT</datecreated>
			<flags>0</flags>
			<properties/>
			<relations/>
			<accesscontrol/>
		</file>
		<file>
			<source>system/modules/org.opencms.editors.codemirror/classes/org/opencms/editors/codemirror/messages_de.properties</source>
			<destination>system/modules/org.opencms.editors.codemirror/classes/org/opencms/editors/codemirror/messages_de.properties</destination>
			<type>plain</type>
			<uuidstructure>8e0aac59-ba11-11e1-8da3-49528da9658f</uuidstructure>
			<uuidresource>8e0aac5a-ba11-11e1-8da3-49528da9658f</uuidresource>
			<datecreated>Tue, 19 Jun 2012 13:20:35 GMT</datecreated>
			<flags>0</flags>
			<properties>
				<property>
					<name>content-encoding</name>
					<value><![CDATA[ISO-8859-1]]></value>
				</property>
			</properties>
			<relations/>
			<accesscontrol/>
		</file>
		<file>
			<destination>system/workplace</destination>
			<type>folder</type>
			<properties/>
		</file>
		<file>
			<destination>system/workplace/editors</destination>
			<type>folder</type>
			<properties/>
		</file>
		<file>
			<destination>system/workplace/editors/codemirror</destination>
			<type>folder</type>
			<uuidstructure>1ea80741-50b0-11e1-b660-49528da9658f</uuidstructure>
			<datecreated>Mon, 06 Feb 2012 10:48:35 GMT</datecreated>
			<flags>0</flags>
			<properties>
				<property>
					<name>Title</name>
					<value><![CDATA[CodeMirror]]></value>
				</property>
			</properties>
			<relations/>
			<accesscontrol/>
		</file>
		<file>
			<source>system/workplace/editors/codemirror/editor.jsp</source>
			<destination>system/workplace/editors/codemirror/editor.jsp</destination>
			<type>jsp</type>
			<uuidstructure>35f091b4-50b0-11e1-b660-49528da9658f</uuidstructure>
			<uuidresource>35f091b5-50b0-11e1-b660-49528da9658f</uuidresource>
			<datecreated>Mon, 06 Feb 2012 10:49:14 GMT</datecreated>
			<flags>0</flags>
			<properties>
				<property>
					<name>Title</name>
					<value><![CDATA[CodeMirror editor]]></value>
				</property>
				<property>
					<name>export</name>
					<value><![CDATA[false]]></value>
				</property>
			</properties>
			<relations/>
			<accesscontrol/>
		</file>
		<file>
			<source>system/workplace/editors/codemirror/editor_configuration.xml</source>
			<destination>system/workplace/editors/codemirror/editor_configuration.xml</destination>
			<type>plain</type>
			<uuidstructure>35f79698-50b0-11e1-b660-49528da9658f</uuidstructure>
			<uuidresource>35f79699-50b0-11e1-b660-49528da9658f</uuidresource>
			<datecreated>Mon, 06 Feb 2012 10:49:14 GMT</datecreated>
			<flags>0</flags>
			<properties>
				<property>
					<name>Title</name>
					<value><![CDATA[Editor configuration file]]></value>
				</property>
			</properties>
			<relations/>
			<accesscontrol/>
		</file>
	</files>
</export>
