<?xml version="1.0" encoding="UTF-8"?>

<export>
	<info>
		<infoproject>Offline</infoproject>
		<export_version>10</export_version>
	</info>
	<module>
		<name>org.opencms.workplace.tools.sites</name>
		<nicename><![CDATA[OpenCms Site Management tools]]></nicename>
		<group>OpenCms Workplace</group>
		<class/>
		<export-mode name="reduced"/>
		<description><![CDATA[<p>This module contains the OpenCms administration tools for managing multiple sites served by OpenCms.</p>
<p><i>&copy; 2018 by Alkacon Software GmbH &amp; Co. KG (http://www.alkacon.com).</i></p>]]></description>
		<version>10.5.0</version>
		<authorname><![CDATA[Alkacon Software GmbH &amp; Co. KG]]></authorname>
		<authoremail><![CDATA[info@alkacon.com]]></authoremail>
		<datecreated/>
		<userinstalled/>
		<dateinstalled/>
		<dependencies>
			<dependency name="org.opencms.workplace" version="10.0.0"/>
			<dependency name="org.opencms.workplace.administration" version="10.0.0"/>
		</dependencies>
		<exportpoints>
			<exportpoint uri="/system/modules/org.opencms.workplace.tools.sites/webserver-templates/available-macros.txt" destination="WEB-INF/server-scripts/available-macros.txt"/>
			<exportpoint uri="/system/modules/org.opencms.workplace.tools.sites/webserver-templates/cron.sh" destination="WEB-INF/server-scripts/cron.sh"/>
			<exportpoint uri="/system/modules/org.opencms.workplace.tools.sites/webserver-templates/script.bat" destination="WEB-INF/server-scripts/script.bat"/>
			<exportpoint uri="/system/modules/org.opencms.workplace.tools.sites/webserver-templates/script.sh" destination="WEB-INF/server-scripts/script.sh"/>
			<exportpoint uri="/system/modules/org.opencms.workplace.tools.sites/webserver-templates/vhost-secure.template" destination="WEB-INF/server-scripts/vhost-secure.template"/>
			<exportpoint uri="/system/modules/org.opencms.workplace.tools.sites/webserver-templates/vhost.template" destination="WEB-INF/server-scripts/vhost.template"/>
			<exportpoint uri="/system/modules/org.opencms.workplace.tools.sites/webserver-templates/worker.conf" destination="WEB-INF/server-scripts/worker.conf"/>
			<exportpoint uri="/system/modules/org.opencms.workplace.tools.sites/webserver-templates/workers.properties" destination="WEB-INF/server-scripts/workers.properties"/>
		</exportpoints>
		<resources>
			<resource uri="/system/modules/org.opencms.workplace.tools.sites/"/>
			<resource uri="/system/workplace/resources/tools/sites/icons/"/>
			<resource uri="/system/workplace/admin/sites/"/>
		</resources>
		<excluderesources/>
		<parameters>
			<param name="configtemplate">/path/to/webserver/config.template</param>
			<param name="createou">false</param>
			<param name="enableconfig">true</param>
			<param name="filenameprefix">opencms</param>
			<param name="loggingdir">/path/to/logging/folder/</param>
			<param name="oudescription">OU for: %(site)</param>
			<param name="securetemplate">/path/to/webserver/secure-config.template</param>
			<param name="targetpath">/path/to/config/target/</param>
			<param name="webserverscript">/path/to/webserver/script.sh</param>
		</parameters>
	</module>
	<files>
		<file>
			<destination>system</destination>
			<type>folder</type>
			<properties/>
		</file>
		<file>
			<destination>system/modules</destination>
			<type>folder</type>
			<properties/>
		</file>
		<file>
			<destination>system/modules/org.opencms.workplace.tools.sites</destination>
			<type>folder</type>
			<uuidstructure>fc7589f0-7b44-11e2-8bad-13f7e154c8f7</uuidstructure>
			<datecreated>Wed, 20 Feb 2013 10:04:59 GMT</datecreated>
			<flags>0</flags>
			<properties/>
			<relations/>
			<accesscontrol/>
		</file>
		<file>
			<destination>system/modules/org.opencms.workplace.tools.sites/webserver-templates</destination>
			<type>folder</type>
			<uuidstructure>d22e7e52-9de5-11e2-8c36-c1221e6a3a06</uuidstructure>
			<datecreated>Fri, 05 Apr 2013 11:41:57 GMT</datecreated>
			<flags>0</flags>
			<properties>
				<property>
					<name>Title</name>
					<value><![CDATA[Example Apache virtual host file and script file]]></value>
				</property>
			</properties>
			<relations/>
			<accesscontrol/>
		</file>
		<file>
			<source>system/modules/org.opencms.workplace.tools.sites/webserver-templates/available-macros.txt</source>
			<destination>system/modules/org.opencms.workplace.tools.sites/webserver-templates/available-macros.txt</destination>
			<type>plain</type>
			<uuidstructure>36c95753-a101-11e2-842a-c1221e6a3a06</uuidstructure>
			<uuidresource>36c95754-a101-11e2-842a-c1221e6a3a06</uuidresource>
			<datecreated>Tue, 09 Apr 2013 10:35:36 GMT</datecreated>
			<flags>0</flags>
			<properties>
				<property>
					<name>Title</name>
					<value><![CDATA[A list of available macros]]></value>
				</property>
			</properties>
			<relations/>
			<accesscontrol/>
		</file>
		<file>
			<source>system/modules/org.opencms.workplace.tools.sites/webserver-templates/cron.sh</source>
			<destination>system/modules/org.opencms.workplace.tools.sites/webserver-templates/cron.sh</destination>
			<type>plain</type>
			<uuidstructure>254721a9-3d85-11e3-acc0-919ad3557f10</uuidstructure>
			<uuidresource>254721aa-3d85-11e3-acc0-919ad3557f10</uuidresource>
			<datecreated>Fri, 25 Oct 2013 14:53:01 GMT</datecreated>
			<flags>0</flags>
			<properties>
				<property>
					<name>Title</name>
					<value><![CDATA[Bash Script that reloads Apache that can be used for a cron job]]></value>
				</property>
			</properties>
			<relations/>
			<accesscontrol/>
		</file>
		<file>
			<source>system/modules/org.opencms.workplace.tools.sites/webserver-templates/script.bat</source>
			<destination>system/modules/org.opencms.workplace.tools.sites/webserver-templates/script.bat</destination>
			<type>plain</type>
			<uuidstructure>0617fbb5-9de6-11e2-8c36-c1221e6a3a06</uuidstructure>
			<uuidresource>0617fbb6-9de6-11e2-8c36-c1221e6a3a06</uuidresource>
			<datecreated>Fri, 05 Apr 2013 11:43:24 GMT</datecreated>
			<flags>0</flags>
			<properties>
				<property>
					<name>Title</name>
					<value><![CDATA[Windows batch file, restarting Apache web server service]]></value>
				</property>
			</properties>
			<relations/>
			<accesscontrol/>
		</file>
		<file>
			<source>system/modules/org.opencms.workplace.tools.sites/webserver-templates/script.sh</source>
			<destination>system/modules/org.opencms.workplace.tools.sites/webserver-templates/script.sh</destination>
			<type>plain</type>
			<uuidstructure>225e7298-9de6-11e2-8c36-c1221e6a3a06</uuidstructure>
			<uuidresource>225e7299-9de6-11e2-8c36-c1221e6a3a06</uuidresource>
			<datecreated>Fri, 05 Apr 2013 11:44:11 GMT</datecreated>
			<flags>0</flags>
			<properties>
				<property>
					<name>Title</name>
					<value><![CDATA[Linux shell script file, reloading Apache web server]]></value>
				</property>
			</properties>
			<relations/>
			<accesscontrol/>
		</file>
		<file>
			<source>system/modules/org.opencms.workplace.tools.sites/webserver-templates/tomcat.sh</source>
			<destination>system/modules/org.opencms.workplace.tools.sites/webserver-templates/tomcat.sh</destination>
			<type>plain</type>
			<uuidstructure>1927ee45-9dfd-11e2-aabc-c1221e6a3a06</uuidstructure>
			<uuidresource>1927ee46-9dfd-11e2-aabc-c1221e6a3a06</uuidresource>
			<datecreated>Fri, 05 Apr 2013 14:28:34 GMT</datecreated>
			<flags>0</flags>
			<properties>
				<property>
					<name>Title</name>
					<value><![CDATA[/etc/init.d/tomcat]]></value>
				</property>
			</properties>
			<relations/>
			<accesscontrol/>
		</file>
		<file>
			<source>system/modules/org.opencms.workplace.tools.sites/webserver-templates/vhost-secure.template</source>
			<destination>system/modules/org.opencms.workplace.tools.sites/webserver-templates/vhost-secure.template</destination>
			<type>plain</type>
			<uuidstructure>229f334e-a115-11e2-b3ae-c1221e6a3a06</uuidstructure>
			<uuidresource>229f334f-a115-11e2-b3ae-c1221e6a3a06</uuidresource>
			<datecreated>Tue, 09 Apr 2013 12:58:12 GMT</datecreated>
			<flags>0</flags>
			<properties>
				<property>
					<name>Title</name>
					<value><![CDATA[An Apache virtual host template file for secure sites]]></value>
				</property>
			</properties>
			<relations/>
			<accesscontrol/>
		</file>
		<file>
			<source>system/modules/org.opencms.workplace.tools.sites/webserver-templates/vhost.template</source>
			<destination>system/modules/org.opencms.workplace.tools.sites/webserver-templates/vhost.template</destination>
			<type>plain</type>
			<uuidstructure>419886fb-9de6-11e2-8c36-c1221e6a3a06</uuidstructure>
			<uuidresource>419886fc-9de6-11e2-8c36-c1221e6a3a06</uuidresource>
			<datecreated>Fri, 05 Apr 2013 11:45:04 GMT</datecreated>
			<flags>0</flags>
			<properties>
				<property>
					<name>Title</name>
					<value><![CDATA[Apache virtual host configuration example file]]></value>
				</property>
			</properties>
			<relations/>
			<accesscontrol/>
		</file>
		<file>
			<source>system/modules/org.opencms.workplace.tools.sites/webserver-templates/worker.conf</source>
			<destination>system/modules/org.opencms.workplace.tools.sites/webserver-templates/worker.conf</destination>
			<type>plain</type>
			<uuidstructure>d65ca058-9dfc-11e2-aabc-c1221e6a3a06</uuidstructure>
			<uuidresource>d65ca059-9dfc-11e2-aabc-c1221e6a3a06</uuidresource>
			<datecreated>Fri, 05 Apr 2013 14:26:42 GMT</datecreated>
			<flags>0</flags>
			<properties>
				<property>
					<name>Title</name>
					<value><![CDATA[mod_jk worker.conf]]></value>
				</property>
			</properties>
			<relations/>
			<accesscontrol/>
		</file>
		<file>
			<source>system/modules/org.opencms.workplace.tools.sites/webserver-templates/workers.properties</source>
			<destination>system/modules/org.opencms.workplace.tools.sites/webserver-templates/workers.properties</destination>
			<type>plain</type>
			<uuidstructure>f7def70b-9dfc-11e2-aabc-c1221e6a3a06</uuidstructure>
			<uuidresource>f7def70c-9dfc-11e2-aabc-c1221e6a3a06</uuidresource>
			<datecreated>Fri, 05 Apr 2013 14:27:39 GMT</datecreated>
			<flags>0</flags>
			<properties>
				<property>
					<name>Title</name>
					<value><![CDATA[mod_jk workers.properties]]></value>
				</property>
			</properties>
			<relations/>
			<accesscontrol/>
		</file>
		<file>
			<destination>system/workplace</destination>
			<type>folder</type>
			<properties/>
		</file>
		<file>
			<destination>system/workplace/admin</destination>
			<type>folder</type>
			<properties/>
		</file>
		<file>
			<destination>system/workplace/admin/sites</destination>
			<type>folder</type>
			<uuidstructure>f6dd3bfb-7b45-11e2-8bad-13f7e154c8f7</uuidstructure>
			<datecreated>Wed, 20 Feb 2013 10:11:59 GMT</datecreated>
			<flags>0</flags>
			<properties>
				<property>
					<name>Description</name>
					<value><![CDATA[%(key.GUI_SITES_ADMIN_TOOL_HELP_0)]]></value>
				</property>
				<property>
					<name>NavImage</name>
					<value><![CDATA[tools/sites/icons/big/sites.png:tools/sites/icons/small/sites.png]]></value>
				</property>
				<property>
					<name>NavInfo</name>
					<value><![CDATA[%(key.GUI_SITES_ADMIN_TOOL_GROUP_0)]]></value>
				</property>
				<property>
					<name>NavPos</name>
					<value><![CDATA[100.0]]></value>
				</property>
				<property>
					<name>NavText</name>
					<value><![CDATA[%(key.GUI_SITES_ADMIN_TOOL_NAME_0)]]></value>
				</property>
				<property>
					<name>Title</name>
					<value><![CDATA[Site Management]]></value>
				</property>
				<property>
					<name>admintoolhandler-class</name>
					<value><![CDATA[org.opencms.workplace.tools.sites.CmsSitesToolHandler]]></value>
				</property>
				<property>
					<name>default-file</name>
					<value><![CDATA[index.jsp]]></value>
				</property>
			</properties>
			<relations/>
			<accesscontrol/>
		</file>
		<file>
			<source>system/workplace/admin/sites/detail.jsp</source>
			<destination>system/workplace/admin/sites/detail.jsp</destination>
			<type>jsp</type>
			<uuidstructure>fc07f9cb-7b74-11e2-ba12-13f7e154c8f7</uuidstructure>
			<uuidresource>fc07f9cc-7b74-11e2-ba12-13f7e154c8f7</uuidresource>
			<datecreated>Wed, 20 Feb 2013 15:48:34 GMT</datecreated>
			<flags>0</flags>
			<properties>
				<property>
					<name>Description</name>
					<value><![CDATA[%(key.GUI_DETAIL_SITE_ADMIN_TOOL_HELP_0)]]></value>
				</property>
				<property>
					<name>NavInfo</name>
					<value><![CDATA[%(key.GUI_SITE_ADMIN_TOOL_GROUP_0)]]></value>
				</property>
				<property>
					<name>NavPos</name>
					<value><![CDATA[2]]></value>
				</property>
				<property>
					<name>NavText</name>
					<value><![CDATA[%(key.GUI_DETAIL_SITE_ADMIN_TOOL_NAME_0):%(key.GUI_DETAIL_SITE_ADMIN_TOOL_NAVBARNAME_0)]]></value>
				</property>
				<property>
					<name>Title</name>
					<value><![CDATA[Site details]]></value>
				</property>
				<property>
					<name>admintoolhandler-args</name>
					<value><![CDATA[params:sites=%(param.sites)&sitetitle=%(param.sitetitle)&action=initial|path:/sites/detail]]></value>
				</property>
				<property>
					<name>admintoolhandler-class</name>
					<value><![CDATA[org.opencms.workplace.tools.CmsInvisibleToolHandler]]></value>
				</property>
				<property>
					<name>export</name>
					<value><![CDATA[false]]></value>
				</property>
				<property type="shared">
					<name>export</name>
					<value><![CDATA[false]]></value>
				</property>
			</properties>
			<relations/>
			<accesscontrol/>
		</file>
		<file>
			<source>system/workplace/admin/sites/edit.jsp</source>
			<destination>system/workplace/admin/sites/edit.jsp</destination>
			<type>jsp</type>
			<uuidstructure>179d8c88-7b74-11e2-ba12-13f7e154c8f7</uuidstructure>
			<uuidresource>179d8c89-7b74-11e2-ba12-13f7e154c8f7</uuidresource>
			<datecreated>Wed, 20 Feb 2013 15:42:11 GMT</datecreated>
			<flags>0</flags>
			<properties>
				<property>
					<name>Description</name>
					<value><![CDATA[%(key.GUI_EDIT_SITE_ADMIN_TOOL_HELP_0)]]></value>
				</property>
				<property>
					<name>NavImage</name>
					<value><![CDATA[tools/sites/icons/big/site-edit.png]]></value>
				</property>
				<property>
					<name>NavInfo</name>
					<value><![CDATA[%(key.GUI_SITE_ADMIN_TOOL_GROUP_0)]]></value>
				</property>
				<property>
					<name>NavPos</name>
					<value><![CDATA[1]]></value>
				</property>
				<property>
					<name>NavText</name>
					<value><![CDATA[%(key.GUI_EDIT_SITE_ADMIN_TOOL_NAME_0)]]></value>
				</property>
				<property>
					<name>Title</name>
					<value><![CDATA[Edit site]]></value>
				</property>
				<property>
					<name>admintoolhandler-args</name>
					<value><![CDATA[params:sites=%(param.sites)&editaction=edit&action=initial|path:/sites/detail/edit]]></value>
				</property>
				<property>
					<name>admintoolhandler-class</name>
					<value><![CDATA[org.opencms.workplace.tools.sites.CmsSitesToolHandler]]></value>
				</property>
				<property type="shared">
					<name>export</name>
					<value><![CDATA[false]]></value>
				</property>
			</properties>
			<relations/>
			<accesscontrol/>
		</file>
		<file>
			<source>system/workplace/admin/sites/favicon.jsp</source>
			<destination>system/workplace/admin/sites/favicon.jsp</destination>
			<type>jsp</type>
			<uuidstructure>b8f6a74d-9308-11e2-a16a-d723659840f0</uuidstructure>
			<uuidresource>b8f6a74e-9308-11e2-a16a-d723659840f0</uuidresource>
			<datecreated>Fri, 22 Mar 2013 15:54:04 GMT</datecreated>
			<flags>0</flags>
			<properties>
				<property>
					<name>Description</name>
					<value><![CDATA[%(key.GUI_FAV_SITE_ADMIN_TOOL_HELP_0)]]></value>
				</property>
				<property>
					<name>NavImage</name>
					<value><![CDATA[tools/sites/icons/big/favicon.png]]></value>
				</property>
				<property>
					<name>NavInfo</name>
					<value><![CDATA[%(key.GUI_SITE_ADMIN_TOOL_GROUP_0)]]></value>
				</property>
				<property>
					<name>NavPos</name>
					<value><![CDATA[5]]></value>
				</property>
				<property>
					<name>NavText</name>
					<value><![CDATA[%(key.GUI_FAV_SITE_ADMIN_TOOL_NAME_0)]]></value>
				</property>
				<property>
					<name>Title</name>
					<value><![CDATA[Upload favicon]]></value>
				</property>
				<property>
					<name>admintoolhandler-args</name>
					<value><![CDATA[params:sites=%(param.sites)&editaction=fav&action=initial|path:/sites/detail/fav]]></value>
				</property>
				<property>
					<name>admintoolhandler-class</name>
					<value><![CDATA[org.opencms.workplace.tools.sites.CmsSitesToolHandler]]></value>
				</property>
				<property type="shared">
					<name>export</name>
					<value><![CDATA[false]]></value>
				</property>
			</properties>
			<relations/>
			<accesscontrol/>
		</file>
		<file>
			<source>system/workplace/admin/sites/index.jsp</source>
			<destination>system/workplace/admin/sites/index.jsp</destination>
			<type>jsp</type>
			<uuidstructure>0ac695dd-7b46-11e2-8bad-13f7e154c8f7</uuidstructure>
			<uuidresource>0ac695de-7b46-11e2-8bad-13f7e154c8f7</uuidresource>
			<datecreated>Wed, 20 Feb 2013 10:12:33 GMT</datecreated>
			<flags>0</flags>
			<properties>
				<property>
					<name>Title</name>
					<value><![CDATA[Site Management Overview]]></value>
				</property>
				<property type="shared">
					<name>export</name>
					<value><![CDATA[false]]></value>
				</property>
			</properties>
			<relations/>
			<accesscontrol/>
		</file>
		<file>
			<source>system/workplace/admin/sites/new.jsp</source>
			<destination>system/workplace/admin/sites/new.jsp</destination>
			<type>jsp</type>
			<uuidstructure>4f8991f5-7b72-11e2-ba12-13f7e154c8f7</uuidstructure>
			<uuidresource>4f8991f6-7b72-11e2-ba12-13f7e154c8f7</uuidresource>
			<datecreated>Wed, 20 Feb 2013 15:29:26 GMT</datecreated>
			<flags>0</flags>
			<properties>
				<property>
					<name>Description</name>
					<value><![CDATA[%(key.GUI_NEW_SITE_ADMIN_TOOL_HELP_0)]]></value>
				</property>
				<property>
					<name>NavImage</name>
					<value><![CDATA[tools/sites/icons/big/site-new.png]]></value>
				</property>
				<property>
					<name>NavInfo</name>
					<value><![CDATA[%(key.GUI_SITE_ADMIN_TOOL_GROUP_0)]]></value>
				</property>
				<property>
					<name>NavPos</name>
					<value><![CDATA[1]]></value>
				</property>
				<property>
					<name>NavText</name>
					<value><![CDATA[%(key.GUI_NEW_SITE_ADMIN_TOOL_NAME_0)]]></value>
				</property>
				<property>
					<name>Title</name>
					<value><![CDATA[New site]]></value>
				</property>
				<property>
					<name>admintoolhandler-args</name>
					<value><![CDATA[params:sites=%(param.sites)&editaction=new&action=initial]]></value>
				</property>
				<property>
					<name>admintoolhandler-class</name>
					<value><![CDATA[org.opencms.workplace.tools.sites.CmsSitesToolHandler]]></value>
				</property>
				<property type="shared">
					<name>export</name>
					<value><![CDATA[false]]></value>
				</property>
			</properties>
			<relations/>
			<accesscontrol/>
		</file>
		<file>
			<source>system/workplace/admin/sites/settings.jsp</source>
			<destination>system/workplace/admin/sites/settings.jsp</destination>
			<type>jsp</type>
			<uuidstructure>53b95151-7cfd-11e2-a884-13f7e154c8f7</uuidstructure>
			<uuidresource>53b95152-7cfd-11e2-a884-13f7e154c8f7</uuidresource>
			<datecreated>Fri, 22 Feb 2013 14:37:04 GMT</datecreated>
			<flags>0</flags>
			<properties>
				<property>
					<name>Description</name>
					<value><![CDATA[%(key.GUI_SITES_SETTINGS_ADMIN_TOOL_HELP_0)]]></value>
				</property>
				<property>
					<name>NavImage</name>
					<value><![CDATA[tools/sites/icons/big/global.png]]></value>
				</property>
				<property>
					<name>NavInfo</name>
					<value><![CDATA[%(key.GUI_SITE_ADMIN_TOOL_GROUP_0)]]></value>
				</property>
				<property>
					<name>NavPos</name>
					<value><![CDATA[2]]></value>
				</property>
				<property>
					<name>NavText</name>
					<value><![CDATA[%(key.GUI_SITES_SETTINGS_ADMIN_TOOL_NAME_0)]]></value>
				</property>
				<property>
					<name>Title</name>
					<value><![CDATA[Settings]]></value>
				</property>
				<property>
					<name>admintoolhandler-args</name>
					<value><![CDATA[params:action=initial]]></value>
				</property>
				<property>
					<name>admintoolhandler-class</name>
					<value><![CDATA[org.opencms.workplace.tools.sites.CmsSitesToolHandler]]></value>
				</property>
				<property type="shared">
					<name>export</name>
					<value><![CDATA[false]]></value>
				</property>
			</properties>
			<relations/>
			<accesscontrol/>
		</file>
		<file>
			<source>system/workplace/admin/sites/webserver.jsp</source>
			<destination>system/workplace/admin/sites/webserver.jsp</destination>
			<type>jsp</type>
			<uuidstructure>8157855a-7cfe-11e2-a884-13f7e154c8f7</uuidstructure>
			<uuidresource>8157855b-7cfe-11e2-a884-13f7e154c8f7</uuidresource>
			<datecreated>Fri, 22 Feb 2013 14:45:30 GMT</datecreated>
			<flags>0</flags>
			<properties>
				<property>
					<name>Description</name>
					<value><![CDATA[%(key.GUI_SITE_WEBSERVER_ADMIN_TOOL_HELP_0)]]></value>
				</property>
				<property>
					<name>NavImage</name>
					<value><![CDATA[tools/sites/icons/big/webserver.png]]></value>
				</property>
				<property>
					<name>NavInfo</name>
					<value><![CDATA[%(key.GUI_SITE_ADMIN_TOOL_GROUP_0)]]></value>
				</property>
				<property>
					<name>NavPos</name>
					<value><![CDATA[3]]></value>
				</property>
				<property>
					<name>NavText</name>
					<value><![CDATA[%(key.GUI_SITE_WEBSERVER_ADMIN_TOOL_NAME_0)]]></value>
				</property>
				<property>
					<name>Title</name>
					<value><![CDATA[Webserver configuration]]></value>
				</property>
				<property>
					<name>admintoolhandler-args</name>
					<value><![CDATA[params:sites=%(param.sites)&action=initial|path:/sites/webserver]]></value>
				</property>
				<property>
					<name>admintoolhandler-class</name>
					<value><![CDATA[org.opencms.workplace.tools.sites.CmsSitesToolHandlerWebserver]]></value>
				</property>
				<property type="shared">
					<name>export</name>
					<value><![CDATA[false]]></value>
				</property>
			</properties>
			<relations/>
			<accesscontrol/>
		</file>
		<file>
			<destination>system/workplace/admin/sites/reports</destination>
			<type>folder</type>
			<uuidstructure>30fd3bf6-7b6d-11e2-ba12-13f7e154c8f7</uuidstructure>
			<datecreated>Wed, 20 Feb 2013 14:52:47 GMT</datecreated>
			<flags>0</flags>
			<properties>
				<property>
					<name>Title</name>
					<value><![CDATA[Reports]]></value>
				</property>
			</properties>
			<relations/>
			<accesscontrol/>
		</file>
		<file>
			<source>system/workplace/admin/sites/reports/remove.jsp</source>
			<destination>system/workplace/admin/sites/reports/remove.jsp</destination>
			<type>jsp</type>
			<uuidstructure>3d677cc8-7b6d-11e2-ba12-13f7e154c8f7</uuidstructure>
			<uuidresource>3d677cc9-7b6d-11e2-ba12-13f7e154c8f7</uuidresource>
			<datecreated>Wed, 20 Feb 2013 14:53:08 GMT</datecreated>
			<flags>0</flags>
			<properties>
				<property>
					<name>Title</name>
					<value><![CDATA[Remove site]]></value>
				</property>
				<property>
					<name>admintoolhandler-args</name>
					<value><![CDATA[params:sites=%(param.sites)|path:/sites/remove/report]]></value>
				</property>
				<property type="shared">
					<name>export</name>
					<value><![CDATA[false]]></value>
				</property>
			</properties>
			<relations/>
			<accesscontrol/>
		</file>
		<file>
			<source>system/workplace/admin/sites/reports/webserver.jsp</source>
			<destination>system/workplace/admin/sites/reports/webserver.jsp</destination>
			<type>jsp</type>
			<uuidstructure>bdbe5d02-96e6-11e2-8cf9-d723659840f0</uuidstructure>
			<uuidresource>bdbe5d03-96e6-11e2-8cf9-d723659840f0</uuidresource>
			<datecreated>Wed, 27 Mar 2013 14:00:54 GMT</datecreated>
			<flags>0</flags>
			<properties>
				<property>
					<name>Title</name>
					<value><![CDATA[Web server Script]]></value>
				</property>
				<property>
					<name>admintoolhandler-args</name>
					<value><![CDATA[params:script=%(param.script)|path:/sites/webserver/report]]></value>
				</property>
				<property type="shared">
					<name>export</name>
					<value><![CDATA[false]]></value>
				</property>
			</properties>
			<relations/>
			<accesscontrol/>
		</file>
		<file>
			<destination>system/workplace/resources</destination>
			<type>folder</type>
			<properties/>
		</file>
		<file>
			<destination>system/workplace/resources/tools</destination>
			<type>folder</type>
			<properties/>
		</file>
		<file>
			<destination>system/workplace/resources/tools/sites</destination>
			<type>folder</type>
			<properties/>
		</file>
		<file>
			<destination>system/workplace/resources/tools/sites/icons</destination>
			<type>folder</type>
			<uuidstructure>bb12af63-7b45-11e2-8bad-13f7e154c8f7</uuidstructure>
			<datecreated>Wed, 20 Feb 2013 10:10:19 GMT</datecreated>
			<flags>0</flags>
			<properties/>
			<relations/>
			<accesscontrol/>
		</file>
		<file>
			<destination>system/workplace/resources/tools/sites/icons/big</destination>
			<type>folder</type>
			<uuidstructure>d5a27597-7b45-11e2-8bad-13f7e154c8f7</uuidstructure>
			<datecreated>Wed, 20 Feb 2013 10:11:04 GMT</datecreated>
			<flags>0</flags>
			<properties/>
			<relations/>
			<accesscontrol/>
		</file>
		<file>
			<source>system/workplace/resources/tools/sites/icons/big/favicon.png</source>
			<destination>system/workplace/resources/tools/sites/icons/big/favicon.png</destination>
			<type>image</type>
			<uuidstructure>c022f009-9309-11e2-a16a-d723659840f0</uuidstructure>
			<uuidresource>c022f00a-9309-11e2-a16a-d723659840f0</uuidresource>
			<datecreated>Fri, 22 Mar 2013 16:01:26 GMT</datecreated>
			<flags>0</flags>
			<properties>
				<property>
					<name>Title</name>
					<value><![CDATA[fav]]></value>
				</property>
				<property type="shared">
					<name>image.size</name>
					<value><![CDATA[w:32,h:32]]></value>
				</property>
			</properties>
			<relations/>
			<accesscontrol/>
		</file>
		<file>
			<source>system/workplace/resources/tools/sites/icons/big/global.png</source>
			<destination>system/workplace/resources/tools/sites/icons/big/global.png</destination>
			<type>image</type>
			<uuidstructure>ec0a4dfe-920b-11e2-aaa0-d723659840f0</uuidstructure>
			<uuidresource>ec0a4dff-920b-11e2-aaa0-d723659840f0</uuidresource>
			<datecreated>Thu, 21 Mar 2013 09:44:27 GMT</datecreated>
			<flags>0</flags>
			<properties>
				<property>
					<name>Title</name>
					<value><![CDATA[global]]></value>
				</property>
				<property type="shared">
					<name>image.size</name>
					<value><![CDATA[w:32,h:32]]></value>
				</property>
			</properties>
			<relations/>
			<accesscontrol/>
		</file>
		<file>
			<source>system/workplace/resources/tools/sites/icons/big/site-edit.png</source>
			<destination>system/workplace/resources/tools/sites/icons/big/site-edit.png</destination>
			<type>image</type>
			<uuidstructure>ca0f8c2d-7b76-11e2-ba12-13f7e154c8f7</uuidstructure>
			<uuidresource>ca0f8c2e-7b76-11e2-ba12-13f7e154c8f7</uuidresource>
			<datecreated>Wed, 20 Feb 2013 16:01:30 GMT</datecreated>
			<flags>0</flags>
			<properties>
				<property>
					<name>Title</name>
					<value><![CDATA[site_edit]]></value>
				</property>
				<property type="shared">
					<name>image.size</name>
					<value><![CDATA[w:32,h:32]]></value>
				</property>
			</properties>
			<relations/>
			<accesscontrol/>
		</file>
		<file>
			<source>system/workplace/resources/tools/sites/icons/big/site-new.png</source>
			<destination>system/workplace/resources/tools/sites/icons/big/site-new.png</destination>
			<type>image</type>
			<uuidstructure>92176b41-7b73-11e2-ba12-13f7e154c8f7</uuidstructure>
			<uuidresource>92176b42-7b73-11e2-ba12-13f7e154c8f7</uuidresource>
			<datecreated>Wed, 20 Feb 2013 15:38:27 GMT</datecreated>
			<flags>0</flags>
			<properties>
				<property>
					<name>Title</name>
					<value><![CDATA[site_create]]></value>
				</property>
				<property type="shared">
					<name>image.size</name>
					<value><![CDATA[w:32,h:32]]></value>
				</property>
			</properties>
			<relations/>
			<accesscontrol/>
		</file>
		<file>
			<source>system/workplace/resources/tools/sites/icons/big/sites.png</source>
			<destination>system/workplace/resources/tools/sites/icons/big/sites.png</destination>
			<type>image</type>
			<uuidstructure>8c1f784b-7b57-11e2-8bad-13f7e154c8f7</uuidstructure>
			<uuidresource>8c1f784c-7b57-11e2-8bad-13f7e154c8f7</uuidresource>
			<datecreated>Wed, 20 Feb 2013 12:17:51 GMT</datecreated>
			<flags>0</flags>
			<properties>
				<property>
					<name>Title</name>
					<value><![CDATA[sites]]></value>
				</property>
				<property type="shared">
					<name>image.size</name>
					<value><![CDATA[w:32,h:32]]></value>
				</property>
			</properties>
			<relations/>
			<accesscontrol/>
		</file>
		<file>
			<source>system/workplace/resources/tools/sites/icons/big/webserver.png</source>
			<destination>system/workplace/resources/tools/sites/icons/big/webserver.png</destination>
			<type>image</type>
			<uuidstructure>e9216204-7cff-11e2-a884-13f7e154c8f7</uuidstructure>
			<uuidresource>e9216205-7cff-11e2-a884-13f7e154c8f7</uuidresource>
			<datecreated>Fri, 22 Feb 2013 14:55:34 GMT</datecreated>
			<flags>0</flags>
			<properties>
				<property>
					<name>Title</name>
					<value><![CDATA[webserver]]></value>
				</property>
				<property type="shared">
					<name>image.size</name>
					<value><![CDATA[w:32,h:32]]></value>
				</property>
			</properties>
			<relations/>
			<accesscontrol/>
		</file>
		<file>
			<destination>system/workplace/resources/tools/sites/icons/small</destination>
			<type>folder</type>
			<uuidstructure>daa51cf9-7b45-11e2-8bad-13f7e154c8f7</uuidstructure>
			<datecreated>Wed, 20 Feb 2013 10:11:12 GMT</datecreated>
			<flags>0</flags>
			<properties/>
			<relations/>
			<accesscontrol/>
		</file>
		<file>
			<source>system/workplace/resources/tools/sites/icons/small/default-favicon.png</source>
			<destination>system/workplace/resources/tools/sites/icons/small/default-favicon.png</destination>
			<type>image</type>
			<uuidstructure>4d2d9dcc-9530-11e2-851b-d723659840f0</uuidstructure>
			<uuidresource>4d2d9dcd-9530-11e2-851b-d723659840f0</uuidresource>
			<datecreated>Mon, 25 Mar 2013 09:42:26 GMT</datecreated>
			<flags>0</flags>
			<properties>
				<property>
					<name>Title</name>
					<value><![CDATA[Default favicon]]></value>
				</property>
				<property type="shared">
					<name>image.size</name>
					<value><![CDATA[w:20,h:20]]></value>
				</property>
			</properties>
			<relations/>
			<accesscontrol/>
		</file>
		<file>
			<source>system/workplace/resources/tools/sites/icons/small/sites.png</source>
			<destination>system/workplace/resources/tools/sites/icons/small/sites.png</destination>
			<type>image</type>
			<uuidstructure>99fd9470-7b57-11e2-8bad-13f7e154c8f7</uuidstructure>
			<uuidresource>99fd9471-7b57-11e2-8bad-13f7e154c8f7</uuidresource>
			<datecreated>Wed, 20 Feb 2013 12:18:15 GMT</datecreated>
			<flags>0</flags>
			<properties>
				<property>
					<name>Title</name>
					<value><![CDATA[sites]]></value>
				</property>
				<property type="shared">
					<name>image.size</name>
					<value><![CDATA[w:20,h:20]]></value>
				</property>
			</properties>
			<relations/>
			<accesscontrol/>
		</file>
	</files>
</export>