<?xml version="1.0" encoding="UTF-8"?>

<ApolloSections xmlns:xsi="http://www.w3.org/2001/XMLSchema-instance" xsi:noNamespaceSchemaLocation="opencms://system/modules/org.opencms.apollo/schemas/section.xsd">
  <ApolloSection language="en">
    <Headline><![CDATA[Mailing list]]></Headline>
    <Text name="Text0">
      <links>
        <link name="link0" internal="false" type="A">
          <target><![CDATA[http://www.alkacon.com/]]></target>
        </link>
        <link name="link1" internal="false" type="A">
          <target><![CDATA[http://www.opencms.org/en/support/index.html]]></target>
        </link>
        <link name="link2" internal="false" type="A">
          <target><![CDATA[http://www.opencms.org/en/development/mailinglist-archive.html]]></target>
        </link>
        <link name="link3" internal="false" type="A">
          <target><![CDATA[mailto:opencms-dev@opencms.org]]></target>
        </link>
      </links>
      <content><![CDATA[<p>The <strong>opencms-dev</strong> mailing list is the place for all questions, comments and suggestions for OpenCms and the main forum of the OpenCms community. Use this list for simple "first time" user questions as well as for specialized comments, questions and/or feedback regarding OpenCms. The OpenCms core development team from <a href="%(link0)">Alkacon Software</a> and several other experienced OpenCms users and developers are regularly answering questions on this list.</p>
<p>Participation on the <strong>opencms-dev</strong> mailing list is of course voluntary. In case you have a question where you really need an answer, there are professional support options available for OpenCms as well. Please see the <a href="%(link1)">Support</a> section on the opencms.org website for details.</p>
<h4>Archives of the OpenCms mailing list</h4>
<p>Before you post a new question to the mailing list, you should check out the <a href="%(link2)">mailing list archives</a> on the opencms.org website to see if your question has already been answered.</p>
<h4>Using the OpenCms mailing list</h4>
<p>To post a message to all the list members, send email to <a href="%(link3)">opencms-dev@opencms.org</a>.</p>
<p><strong>Important:</strong> This list requires subscription prior to posting. If you are not yet a subscriber, please use the option below to subscribe first.</p>
<h4>Subscribing to the OpenCms mailing list</h4>
<p>Subscribe to the list by filling out the following form. You will be sent email requesting confirmation, to prevent others from gratuitously subscribing you. You must be connected to the internet to subscribe. <strong>Do not use a valuable password</strong> as it will occasionally be emailed back to you in cleartext. Once a month, your password will be emailed to you as a reminder.</p>]]></content>
    </Text>
  </ApolloSection>
</ApolloSections>
