<?xml version="1.0" encoding="UTF-8"?>

<ApolloSections xmlns:xsi="http://www.w3.org/2001/XMLSchema-instance" xsi:noNamespaceSchemaLocation="opencms://system/modules/org.opencms.apollo/schemas/section.xsd">
  <ApolloSection language="en">
    <Headline><![CDATA[OpenCms 10.5 Server installation]]></Headline>
    <Text name="Text0">
      <links>
        <link name="link0" internal="false" type="A">
          <target><![CDATA[http://tomcat.apache.org]]></target>
        </link>
        <link name="link1" internal="false" type="A">
          <target><![CDATA[http://www.mysql.com]]></target>
        </link>
        <link name="link2" internal="false" type="A">
          <target><![CDATA[https://hub.docker.com/r/alkacon/opencms-docker/]]></target>
        </link>
        <link name="link3" internal="true" type="A">
          <target><![CDATA[]]></target>
          <anchor><![CDATA[a1]]></anchor>
        </link>
        <link name="link4" internal="true" type="A">
          <target><![CDATA[]]></target>
          <anchor><![CDATA[a2]]></anchor>
        </link>
        <link name="link5" internal="true" type="A">
          <target><![CDATA[]]></target>
          <anchor><![CDATA[a3]]></anchor>
        </link>
        <link name="link6" internal="true" type="A">
          <target><![CDATA[]]></target>
          <anchor><![CDATA[a4]]></anchor>
        </link>
        <link name="link7" internal="true" type="A">
          <target><![CDATA[]]></target>
          <anchor><![CDATA[a5]]></anchor>
        </link>
        <link name="link8" internal="true" type="A">
          <target><![CDATA[]]></target>
          <anchor><![CDATA[a6]]></anchor>
        </link>
        <link name="link9" internal="true" type="A">
          <target><![CDATA[]]></target>
          <anchor><![CDATA[a7]]></anchor>
        </link>
        <link name="link10" internal="false" type="A">
          <target><![CDATA[http://www.oracle.com/technetwork/java/javase/downloads/index.html]]></target>
        </link>
        <link name="link11" internal="false" type="A">
          <target><![CDATA[http://tomcat.apache.org]]></target>
        </link>
        <link name="link12" internal="false" type="A">
          <target><![CDATA[http://httpd.apache.org]]></target>
        </link>
        <link name="link13" internal="false" type="A">
          <target><![CDATA[http://www.mysql.com/downloads/]]></target>
        </link>
        <link name="link14" internal="false" type="A">
          <target><![CDATA[http://www.mysql.com/documentation/index.html]]></target>
        </link>
      </links>
      <content><![CDATA[<p>This page provides information on how to install OpenCms using&nbsp;<a title="External link, opens in new window" href="%(link0)" target="_blank">Tomcat</a>&nbsp;and&nbsp;<a title="External link, opens in new window" href="%(link1)" target="_blank">MySQL</a>.</p>
<p>In case you don't want to go through the full installation procedure for a test drive, you can also use our read-to-run Docker image available from the Docker Hub at <a href="%(link2)">https://hub.docker.com/r/alkacon/opencms-docker</a>.</p>
<p>All installation parts are described as single steps. After completing each step you are strongly advised to verify the success of your work.</p>
<ul>
<li><a href="%(link3)">Install the Java SDK, version 7 or newer</a></li>
<li><a href="%(link4)">Install Tomcat</a></li>
<li><a href="%(link5)">Install MySQL</a></li>
<li><a href="%(link6)">Deploy the&nbsp;<code>opencms.war</code>&nbsp;file</a></li>
<li><a href="%(link7)">Install OpenCms using the Setup-Wizard</a></li>
<li><a href="%(link8)">Now your system is ready</a></li>
<li><a href="%(link9)">Security issues</a></li>
</ul>
<h2><a id="a1" name="a1"></a>Install the Java SDK, version 7 or newer</h2>
<p>Install the Java JDK, version 7 or newer (from Oracle&nbsp;<code><a title="External link, opens in new window" href="%(link10)" target="_blank">http://www.oracle.com/technetwork/java/javase/downloads/index.html</a></code>). For details on how to install these components on your operating system, see the documentation that comes with them. You must install the Java&nbsp;<em>JDK</em>&nbsp;(Java Development Kit), not the&nbsp;<em>JRE</em>&nbsp;(Java Runtime Environment) that is also available from Oracle. The JRE is&nbsp;<em>not</em>&nbsp;sufficient to run OpenCms!</p>
<h2><a id="a2" name="a2"></a>Install Tomcat</h2>
<p>OpenCms requires a Servlet 2.4 / JSP 2.0 standards compliant container. This release was tested with Tomcat 7.0.x. and Tomcat 8.0.x.</p>
<p>Install Tomcat from&nbsp;<code><a title="External link, opens in new window" href="%(link11)" target="_blank">http://tomcat.apache.org</a>&nbsp;</code>into a folder of your choice. This is the&nbsp;<code>CATALINA_HOME</code>&nbsp;folder. Don't forget to set the environment variables&nbsp;<code>CATALINA_HOME</code>&nbsp;and&nbsp;<code>JAVA_HOME</code>.</p>
<p>Test the installation by running Tomcat in standalone mode and check the examples. Note: Tomcat uses port 8080 in standalone mode. If you wish, you can combine the servlet-engine with a webserver like the Apache Web Server&nbsp;<code><a title="External link,
opens in new window" href="%(link12)" target="_blank">http://httpd.apache.org</a></code>. Please see the documentation available with the webserver on how to combine it with your servlet environment.</p>
<p><strong>Please note:</strong>&nbsp;On Linux systems, Tomcat's JVM has to be started with the command line argument&nbsp;<code>-Djava.awt.headless=true</code>.</p>
<h2><a id="a3" name="a3"></a>Install MySQL</h2>
<p>Install MySQL from&nbsp;<code><a title="External link, opens in new window" href="%(link13)" target="_blank">http://www.mysql.com/downloads/</a>&nbsp;</code>(see the MySQL documentation on<code><a title="External link, opens in new window" href="%(link14)" target="_blank">http://www.mysql.com/documentation/index.html</a></code>). On Windows-based systems MySQL has to be installed on the&nbsp;<code>C:\</code>&nbsp;drive and should be registered as service using&nbsp;<code>%MYSQL_HOME%/bin/mysqld -install</code>.</p>
<p>OpenCms can be used with MySQL 5.0, 5.1 and 5.5.</p>
<p>Start the MySQL server by running the service (WIN32) or executing&nbsp;<code>%MYSQL_HOME%/bin/mysqld</code>&nbsp;(UNIX).</p>
<p>Check that MySQL is running before you continue by starting the MySQL monitor (execute&nbsp;<code>mysql</code>&nbsp;in your MySQL bin folder). The database works correctly if a MySQL prompt appears after calling the monitor. Quit the MySQL monitor by typing exit and go to the next step.</p>
<p><strong>Important:</strong>&nbsp;You will have to increase the MySQL configuration variable&nbsp;<code>max_allowed_packet</code>&nbsp;located in the MySQL configuration file (usually called&nbsp;<code>my.ini</code>). For OpenCms, the limit should be as high as possible, a setting of at least&nbsp;<code>max_allowed_packet=32M</code>&nbsp;is recommended.</p>
<h2><a id="a4" name="a4"></a>Deploy the&nbsp;<code>opencms.war</code>&nbsp;file</h2>
<p>Copy the&nbsp;<code>opencms.war</code>&nbsp;file from the binary distribution ZIP file to&nbsp;<code>CATALINA_HOME/webapps/</code>. Replace&nbsp;<code>CATALINA_HOME</code>&nbsp;with the real path to your Tomcat installation.</p>
<p>Start (or restart) Tomcat. Tomcat will now deploy the web application OpenCms.</p>
<p><strong>Important</strong>: OpenCms requires that it's&nbsp;<code>*.war</code>&nbsp;file is unpacked. OpenCms can not be deployed as war file only. Make sure Tomcat does unpack the war file and creates the&nbsp;<code>CATALINA_HOME/webapps/opencms/</code>&nbsp;directory, placing the OpenCms files in this directory. The default configuration for your Servlet containers / environment could be to not unpack the deployed&nbsp;<code>*.war</code>&nbsp;file. If this is so, you must unpack the opencms.war file manually. Use an unzip tool for this,&nbsp;<code>*.war</code>&nbsp;files are just&nbsp;<code>*.zip</code>&nbsp;files with a different extension. The OpenCms setup wizard will display a warning and not allow you to continue if you did not unpack the&nbsp;<code>*.war</code>&nbsp;file.</p>
<h2><a id="a5" name="a5"></a>Install OpenCms using the Setup-Wizard</h2>
<p>Start the Setup-Wizard by pointing your webbrowser to&nbsp;<code>http://localhost:8080/opencms/setup/</code>. Depending on your configuration, you have to replace&nbsp;<code>localhost</code>&nbsp;with your servername. The port 8080 is only used if you start Tomcat in standalone mode.</p>
<p>Follow the instructions of the OpenCms Setup-Wizard. It will set up the OpenCms database and import all available&nbsp;modules into the system. For normal installations with MySql and Tomcat running on the same server, all default settings will fit your needs. If you are using different database users, be sure that they exist before creating the database tables and importing the modules.</p>
<p><strong>Important:</strong>&nbsp;Make sure you disable all popup blockers and enable Javascript for the server URL you installed OpenCms on. Otherwise you will not be able to log in to the OpenCms Workplace.</p>
<h2><a id="a6" name="a6"></a>Now your system is ready</h2>
<p>Now your system is ready to use. You can login with username:&nbsp;<code>Admin</code>&nbsp;and password:&nbsp;<code>admin</code>. Please change this password as soon as possible. The login URL of OpenCms in a default configuration is:&nbsp;<code>http://localhost:8080/opencms/opencms/system/login/</code>.</p>
<h2><a id="a7" name="a7"></a>Security&nbsp;considerations</h2>
<p>Finally after you have installed OpenCms you should have a look at the security settings.</p>
<p>First change the&nbsp;<code>Admin</code>&nbsp;user password of OpenCms by calling the user preferences (the "checkbox" icon in the top menu on the main screen of the Workplace).</p>
<p>Then you can add a password to the MySQL database. Enter the following commands at the MySQL command line.</p>
<blockquote>
<p><code>use mysql;&nbsp;<br />insert into user values ('localhost', 'opencmsuser', password('XXXXX'),\&nbsp;<br />&nbsp;&nbsp;&nbsp;'N','N','N','N','N','N','N','N','N','N','N','N','N','N');&nbsp;<br />insert into db values ('localhost', 'opencms', 'opencmsuser',\&nbsp;<br />&nbsp;&nbsp;&nbsp;'Y','Y','Y','Y','Y','Y','Y','Y','Y','Y');&nbsp;<br />flush privileges;</code></p>
</blockquote>
<p>Make sure you replace&nbsp;<code>opencmsuser</code>&nbsp;and&nbsp;<code>opencms</code>&nbsp;with the name of your user and database in case you have changed them on the setup wizard.</p>
<p>Don't forget to add the new user and password to all connect strings of the database in your&nbsp;<code>opencms.properties</code>&nbsp;file. Only the new user can now connect to the OpenCms tables. For more information see the MySQL documentation.</p>]]></content>
    </Text>
  </ApolloSection>
</ApolloSections>
