<?xml version="1.0" encoding="UTF-8"?>

<NewFormatters xmlns:xsi="http://www.w3.org/2001/XMLSchema-instance" xsi:noNamespaceSchemaLocation="opencms://system/modules/org.opencms.ade.config/schemas/formatters/new_formatter.xsd">
  <NewFormatter language="en">
    <NiceName><![CDATA[%(key.formatter.a-section.image-enlarge)]]></NiceName>
    <Type><![CDATA[a-section]]></Type>
    <Jsp>
      <link type="WEAK">
        <target><![CDATA[/system/modules/org.opencms.apollo/formatters/image-enlarge.jsp]]></target>
        <uuid>ce88186c-5bb2-11e5-8f8e-0242ac11002b</uuid>
      </link>
    </Jsp>
    <Rank><![CDATA[5470]]></Rank>
    <Match>
      <Types>
        <ContainerType><![CDATA[element]]></ContainerType>
        <ContainerType><![CDATA[section]]></ContainerType>
        <ContainerType><![CDATA[image-enlarge]]></ContainerType>
      </Types>
    </Match>
    <Preview>false</Preview>
    <SearchContent>false</SearchContent>
    <AutoEnabled>true</AutoEnabled>
    <Detail>false</Detail>
    <Display>false</Display>
    <NestedContainers>false</NestedContainers>
    <Setting>
      <PropertyName><![CDATA[wrapperclass]]></PropertyName>
      <DisplayName><![CDATA[%(key.apollo.setting.cssclass)]]></DisplayName>
      <Description><![CDATA[%(key.apollo.setting.cssclass.description)]]></Description>
      <Widget><![CDATA[selectcombo]]></Widget>
      <WidgetConfig><![CDATA[%(page-property:apollo.css.wrapper)]]></WidgetConfig>
    </Setting>
    <Setting>
      <PropertyName><![CDATA[ieffect]]></PropertyName>
      <DisplayName><![CDATA[%(key.apollo.setting.image.effect.label)]]></DisplayName>
      <Widget><![CDATA[selectcombo]]></Widget>
      <Default><![CDATA[none]]></Default>
      <WidgetConfig><![CDATA[
        none:%(key.apollo.setting.image.effect.none)|
        ap-shadow:%(key.apollo.setting.image.effect.shadownoanim)|    
        bo-radius-10:%(key.apollo.setting.image.effect.roundcorners)|
        bo-radius-50p:%(key.apollo.setting.image.effect.vignette)|
        bo-1 bo-grey-lighter p-3:%(key.apollo.setting.image.effect.bordered)|
        bo-1 bo-grey-lighter p-3 bo-radius-10:%(key.apollo.setting.image.effect.borderedround)|
        bo-1 bo-grey-lighter p-3 bo-radius-50p:%(key.apollo.setting.image.effect.borderedvignette)|
        ap-shadow bo-radius-10:%(key.apollo.setting.image.effect.shadowround)|
        ap-shadow bo-1 bo-grey-lighter p-3:%(key.apollo.setting.image.effect.shadowbordered)
      ]]></WidgetConfig>
    </Setting>
    <Setting>
      <PropertyName><![CDATA[showsubtitle]]></PropertyName>
      <DisplayName><![CDATA[%(key.apollo.setting.image.text.showsubtitle)]]></DisplayName>
      <Widget><![CDATA[selectcombo]]></Widget>
      <Default><![CDATA[false]]></Default>
      <WidgetConfig><![CDATA[
        false:%(key.apollo.setting.image.showsubtitle.none)|
        header:%(key.apollo.setting.image.showsubtitle.header)|
        centered:%(key.apollo.setting.image.showsubtitle.centered)
      ]]></WidgetConfig>
    </Setting>
    <Setting>
      <PropertyName><![CDATA[showcopyright]]></PropertyName>
      <DisplayName><![CDATA[%(key.apollo.setting.image.text.showcopyright)]]></DisplayName>
      <Widget><![CDATA[checkbox]]></Widget>
      <Default><![CDATA[false]]></Default>
    </Setting>
    <Setting>
      <PropertyName><![CDATA[showtext]]></PropertyName>
      <DisplayName><![CDATA[%(key.apollo.setting.image.text.showtext)]]></DisplayName>
      <Widget><![CDATA[checkbox]]></Widget>
      <Default><![CDATA[false]]></Default>
    </Setting>
  </NewFormatter>
</NewFormatters>
