<?xml version="1.0" encoding="UTF-8"?>

<NewFormatters xmlns:xsi="http://www.w3.org/2001/XMLSchema-instance" xsi:noNamespaceSchemaLocation="opencms://system/modules/org.opencms.ade.config/schemas/formatters/new_formatter.xsd">
  <NewFormatter language="en">
    <NiceName><![CDATA[%(key.formatter.a-section.headline)]]></NiceName>
    <Type><![CDATA[a-section]]></Type>
    <Jsp>
      <link type="WEAK">
        <target><![CDATA[/system/modules/org.opencms.apollo/formatters/section-headline.jsp]]></target>
        <uuid>2616d23e-eb7c-11e5-854f-0242ac11002b</uuid>
      </link>
    </Jsp>
    <Rank><![CDATA[5500]]></Rank>
    <Match>
      <Types>
        <ContainerType><![CDATA[element]]></ContainerType>
        <ContainerType><![CDATA[section]]></ContainerType>
      </Types>
    </Match>
    <Preview>false</Preview>
    <SearchContent>true</SearchContent>
    <AutoEnabled>false</AutoEnabled>
    <Detail>false</Detail>
    <NestedContainers>false</NestedContainers>
    <Setting>
      <PropertyName><![CDATA[hstyle]]></PropertyName>
      <DisplayName><![CDATA[%(key.apollo.setting.header.style.label)]]></DisplayName>
      <Widget><![CDATA[selectcombo]]></Widget>
      <Default><![CDATA[headline]]></Default>
      <WidgetConfig><![CDATA[
        headline:%(key.apollo.setting.header.style.underlined)|
        ap-plain:%(key.apollo.setting.header.style.plain)
      ]]></WidgetConfig>
    </Setting>
    <Setting>
      <PropertyName><![CDATA[hsize]]></PropertyName>
      <DisplayName><![CDATA[%(key.apollo.setting.header.size.label)]]></DisplayName>
      <Widget><![CDATA[select]]></Widget>
      <Default><![CDATA[h2]]></Default>
      <WidgetConfig><![CDATA[
        h1:%(key.apollo.setting.header.size.large)|
        h2:%(key.apollo.setting.header.size.normal)|
        h3:%(key.apollo.setting.header.size.small)|
        h4:%(key.apollo.setting.header.size.verysmall)
      ]]></WidgetConfig>
    </Setting>
  </NewFormatter>
</NewFormatters>
