<?xml version="1.0" encoding="UTF-8"?>

<NewFormatters xmlns:xsi="http://www.w3.org/2001/XMLSchema-instance" xsi:noNamespaceSchemaLocation="opencms://system/modules/org.opencms.ade.config/schemas/formatters/new_formatter.xsd">
  <NewFormatter language="en">
    <NiceName><![CDATA[%(key.formatter.a-section.image)]]></NiceName>
    <Type><![CDATA[a-section]]></Type>
    <Jsp>
      <link type="WEAK">
        <target><![CDATA[/system/modules/org.opencms.apollo/formatters/section-image.jsp]]></target>
        <uuid>780d94de-7b43-11e6-95f6-0242ac11002b</uuid>
      </link>
    </Jsp>
    <Rank><![CDATA[5480]]></Rank>
    <Match>
      <Types>
        <ContainerType><![CDATA[element]]></ContainerType>
        <ContainerType><![CDATA[section]]></ContainerType>
        <ContainerType><![CDATA[image-animated]]></ContainerType>
      </Types>
    </Match>
    <Preview>false</Preview>
    <SearchContent>false</SearchContent>
    <AutoEnabled>false</AutoEnabled>
    <Detail>false</Detail>
    <Display>false</Display>
    <NestedContainers>false</NestedContainers>
    <Setting>
      <PropertyName><![CDATA[ieffect]]></PropertyName>
      <DisplayName><![CDATA[%(key.apollo.setting.image.effect.label)]]></DisplayName>
      <Widget><![CDATA[selectcombo]]></Widget>
      <Default><![CDATA[none]]></Default>
      <WidgetConfig><![CDATA[
        none:%(key.apollo.setting.image.effect.none)|
        ap-shadow:%(key.apollo.setting.image.effect.shadownoanim)| 
        bo-1 bo-grey-lighter p-3:%(key.apollo.setting.image.effect.bordered)|
        ap-shadow bo-1 bo-grey-lighter p-3:%(key.apollo.setting.image.effect.shadowbordered)|
        ap-shadow-animation:%(key.apollo.setting.image.effect.shadow)|
        ap-inset-animation:%(key.apollo.setting.image.effect.inset)|
        ap-raise-animation:%(key.apollo.setting.image.effect.raise)|
        ap-kenburns-animation:%(key.apollo.setting.image.effect.kenburns)|
        ap-shadow-animation ap-kenburns-animation:%(key.apollo.setting.image.effect.shadow-kenburns)|
        ap-inset-animation ap-kenburns-animation:%(key.apollo.setting.image.effect.inset-kenburns)|
        ap-raise-animation ap-kenburns-animation:%(key.apollo.setting.image.effect.raise-kenburns)
      ]]></WidgetConfig>
    </Setting>
    <Setting>
      <PropertyName><![CDATA[showlink]]></PropertyName>
      <DisplayName><![CDATA[%(key.apollo.setting.image.text.showlink)]]></DisplayName>
      <Widget><![CDATA[select]]></Widget>
      <Default><![CDATA[false]]></Default>
      <WidgetConfig><![CDATA[
        false:%(key.apollo.setting.image.link.none)|
        image:%(key.apollo.setting.image.link.imagedirectly)|
        true:%(key.apollo.setting.image.link.textoverlay)
      ]]></WidgetConfig>
    </Setting>
    <Setting>
      <PropertyName><![CDATA[showsubtitle]]></PropertyName>
      <DisplayName><![CDATA[%(key.apollo.setting.image.text.showsubtitle)]]></DisplayName>
      <Widget><![CDATA[selectcombo]]></Widget>
      <Default><![CDATA[false]]></Default>
      <WidgetConfig><![CDATA[
        false:%(key.apollo.setting.image.showsubtitle.none)|
        header:%(key.apollo.setting.image.showsubtitle.header)|
        centered:%(key.apollo.setting.image.showsubtitle.centered)
      ]]></WidgetConfig>
    </Setting>
    <Setting>
      <PropertyName><![CDATA[showcopyright]]></PropertyName>
      <DisplayName><![CDATA[%(key.apollo.setting.image.text.showcopyright)]]></DisplayName>
      <Widget><![CDATA[checkbox]]></Widget>
      <Default><![CDATA[false]]></Default>
    </Setting>
    <Setting>
      <PropertyName><![CDATA[showtext]]></PropertyName>
      <DisplayName><![CDATA[%(key.apollo.setting.image.text.showtext)]]></DisplayName>
      <Widget><![CDATA[checkbox]]></Widget>
      <Default><![CDATA[false]]></Default>
    </Setting>
  </NewFormatter>
</NewFormatters>
