<?xml version="1.0" encoding="UTF-8"?>

<ApolloFlexibleElements xmlns:xsi="http://www.w3.org/2001/XMLSchema-instance" xsi:noNamespaceSchemaLocation="opencms://system/modules/org.opencms.apollo/schemas/flexible.xsd">
  <ApolloFlexibleElement language="en">
    <Title><![CDATA[CSS Text and Link Classes]]></Title>
    <Code name="Code0">
      <links>
        <link name="link0" internal="true" type="A">
          <target><![CDATA[]]></target>
          <anchor><![CDATA[]]></anchor>
        </link>
        <link name="link1" internal="true" type="A">
          <target><![CDATA[]]></target>
          <anchor><![CDATA[]]></anchor>
        </link>
      </links>
      <content><![CDATA[<!-- 

Visualization of all available text / link color options.
Output is created from JavaScript using the color coded compiled into the theme.
HTML for the boxes is using Apollo Tiles. 

-->

<!-- Links -->
<div id="linkcolors" class="apollo-info sample link-colors mh-5 mb-10 clearfix">
<div class="ap-tile tile-sm-6 tile-md-4">

<div class="m-5 bo-1 bo-grey links-$(name) $(background)">
<div class="lead"><a href="%(link0)">links-$(name)</a></div>
<p>
<a href="%(link1)">
Lorem ipsum dolor sit amet, consetetur sadipscing elitr, sed diam nonumy eirmod tempor invidunt ut labore et dolore magna aliquyam erat, sed diam voluptua.
$(value)
</a>
</p>
</div>

</div>
</div>


<!-- Theme dependent text color -->
<div id="themetextcolor" class="apollo-info sample text-colors mh-5 mb-10 clearfix">
<div class="ap-tile tile-sm-6 tile-md-4">

<div class="m-5 bo-1 bo-grey text-$(name) $(background)">
<div class="lead">text-$(name)</div>
<p>
Lorem ipsum dolor sit amet, consetetur sadipscing elitr, sed diam nonumy eirmod tempor invidunt ut labore et dolore magna aliquyam erat, sed diam voluptua.
$(value)
</p>
</div>

</div>
</div>


<!-- Extended colored text options -->
<div id="extendtextcolor" class="apollo-info sample many-colors mh-5 mb-20 clearfix">
<div class="ap-tile tile-sm-6 tile-md-4">

<div class="m-5 bo-1 bo-grey text-$(name) $(background)">
<div class="lead">text-$(name)</div>
<p>
Lorem ipsum dolor sit amet, consetetur sadipscing elitr, sed diam nonumy eirmod tempor invidunt ut labore et dolore magna aliquyam erat, sed diam voluptua.
$(value)
</p>
</div>

</div>
</div>]]></content>
    </Code>
  </ApolloFlexibleElement>
</ApolloFlexibleElements>
