<?xml version="1.0" encoding="UTF-8"?>

<ApolloFlexibleElements xmlns:xsi="http://www.w3.org/2001/XMLSchema-instance" xsi:noNamespaceSchemaLocation="opencms://system/modules/org.opencms.apollo/schemas/flexible.xsd">
  <ApolloFlexibleElement language="en">
    <Title><![CDATA[The OpenCms Mailing List]]></Title>
    <Code name="Code0">
      <links/>
      <content><![CDATA[<div>

<p>The opencms-dev mailing list is the place for all questions, comments and suggestions for OpenCms and the main forum of the OpenCms community. Subscribe to the list by filling out the following form.</p>

<form class="form-horizontal" method="post" action="http://lists.opencms.org/mailman/subscribe/opencms-dev">

<div class="mb-10"><input type="text" name="email" placeholder="Email Address" class="form-control input-sm"/></div>
<div class="mb-10"><input type="password" name="pw" placeholder="Pick a password" class="form-control input-sm"/></div>
<div class="mb-10"><input type="password" name="pw-conf" placeholder="Confirm password" class="form-control input-sm"/></div>

<button type="submit" class="btn btn-sm">Subscribe</button>

</form>	
						
</div>
]]></content>
    </Code>
  </ApolloFlexibleElement>
  <ApolloFlexibleElement language="de">
    <Title><![CDATA[Die OpenCms-Mailingliste]]></Title>
    <Code name="Code0">
      <links/>
      <content><![CDATA[<div>

<p>Die opencms-dev Mailingliste ist der Ort für alle Fragen, Kommentare und Vorschläge zu OpenCms und das Hauptforum für die OpenCms-Community. Abonnieren Sie die Liste indem Sie das folgende Formular ausfüllen.</p>

<form class="form-horizontal" method="post" action="http://lists.opencms.org/mailman/subscribe/opencms-dev">

<div class="mb-10"><input type="text" name="email" placeholder="E-Mail Adresse" class="form-control input-sm"/></div>
<div class="mb-10"><input type="password" name="pw" placeholder="Passwort auswählen" class="form-control input-sm"/></div>
<div class="mb-10"><input type="password" name="pw-conf" placeholder="Passwort bestätigen" class="form-control input-sm"/></div>

<button type="submit" class="btn btn-sm">Abonnieren</button>

</form>
			
</div>]]></content>
    </Code>
  </ApolloFlexibleElement>
</ApolloFlexibleElements>
