<?xml version="1.0" encoding="UTF-8"?>

<ApolloFlexibleElements xmlns:xsi="http://www.w3.org/2001/XMLSchema-instance" xsi:noNamespaceSchemaLocation="opencms://system/modules/org.opencms.apollo/schemas/flexible.xsd">
  <ApolloFlexibleElement language="en">
    <Title><![CDATA[Youtube video]]></Title>
    <Code name="Code0">
      <links/>
      <content><![CDATA[<iframe width="420" height="315" src="https://www.youtube.com/embed/LCxcm9Epy54" frameborder="0" allowfullscreen></iframe>]]></content>
    </Code>
  </ApolloFlexibleElement>
</ApolloFlexibleElements>
