<?xml version="1.0" encoding="UTF-8"?>

<ApolloFlexibleElements xmlns:xsi="http://www.w3.org/2001/XMLSchema-instance" xsi:noNamespaceSchemaLocation="opencms://system/modules/org.opencms.apollo/schemas/flexible.xsd">
  <ApolloFlexibleElement language="en">
    <Title><![CDATA[Stay connected]]></Title>
    <Code name="Code0">
      <links>
        <link name="link0" internal="false" type="A">
          <target><![CDATA[http://facebook.com/opencms/]]></target>
        </link>
        <link name="link1" internal="false" type="A">
          <target><![CDATA[http://twitter.com/alkaconopencms/]]></target>
        </link>
        <link name="link2" internal="false" type="A">
          <target><![CDATA[https://plus.google.com/+opencms]]></target>
        </link>
        <link name="link3" internal="false" type="A">
          <target><![CDATA[https://www.xing.com/communities/groups/opencms-usergroup-7901-1054980]]></target>
        </link>
        <link name="link4" internal="false" type="A">
          <target><![CDATA[http://www.slideshare.com/AlkaconOpenCms]]></target>
        </link>
        <link name="link5" internal="false" type="A">
          <target><![CDATA[http://www.youtube.com/alkacon]]></target>
        </link>
        <link name="link6" internal="false" type="A">
          <target><![CDATA[http://www.github.com/alkacon/opencms-core]]></target>
        </link>
        <link name="link7" internal="false" type="A">
          <target><![CDATA[http://www.opencms.org/en/home/rss-news.xml]]></target>
        </link>
      </links>
      <content><![CDATA[<div>
<ul class="ap-social">
    <li class="facebook"><a target="_blank" title="OpenCms on Facebook" href="%(link0)"><i class="fa fa-facebook"></i></a></li>
    <li class="twitter"><a target="_blank" title="OpenCms on Twitter" href="%(link1)"><i class="fa fa-twitter"></i></a></li>
    <li class="googleplus"><a target="_blank" title="OpenCms on Google+" href="%(link2)"><i class="fa fa-google-plus"></i></a></li>
    <li class="xing"><a target="_blank" title="OpenCms on Xing" href="%(link3)"><i class="fa fa-xing"></i></a></li>
    <li class="slideshare"><a target="_blank" title="OpenCms on SlideShare" href="%(link4)"><i class="fa fa-slideshare"></i></a></li>
    <li class="youtube"><a target="_blank" title="OpenCms on YouTube" href="%(link5)"><i class="fa fa-youtube"></i></a></li>
    <li class="github"><a target="_blank" title="OpenCms source code on GitHub" href="%(link6)"><i class="fa fa-github"></i></a></li>
    <li class="rss"><a target="_blank" title="OpenCms RSS News Feed" href="%(link7)"><i class="fa fa-rss"></i></a></li>
</ul>
</div>]]></content>
    </Code>
  </ApolloFlexibleElement>
  <ApolloFlexibleElement language="de">
    <Title><![CDATA[In den sozialen Medien]]></Title>
    <Code name="Code0">
      <links>
        <link name="link0" internal="false" type="A">
          <target><![CDATA[http://facebook.com/opencms/]]></target>
        </link>
        <link name="link1" internal="false" type="A">
          <target><![CDATA[http://twitter.com/alkaconopencms/]]></target>
        </link>
        <link name="link2" internal="false" type="A">
          <target><![CDATA[https://plus.google.com/+opencms]]></target>
        </link>
        <link name="link3" internal="false" type="A">
          <target><![CDATA[https://www.xing.com/communities/groups/opencms-usergroup-7901-1054980]]></target>
        </link>
        <link name="link4" internal="false" type="A">
          <target><![CDATA[http://www.slideshare.com/AlkaconOpenCms]]></target>
        </link>
        <link name="link5" internal="false" type="A">
          <target><![CDATA[http://www.youtube.com/alkacon]]></target>
        </link>
        <link name="link6" internal="false" type="A">
          <target><![CDATA[http://www.github.com/alkacon/opencms-core]]></target>
        </link>
        <link name="link7" internal="false" type="A">
          <target><![CDATA[http://www.opencms.org/en/home/rss-news.xml]]></target>
        </link>
      </links>
      <content><![CDATA[<div>
<ul class="ap-social">
    <li class="facebook"><a target="_blank" title="OpenCms auf Facebook" href="%(link0)"><i class="fa fa-facebook"></i></a></li>
    <li class="twitter"><a target="_blank" title="OpenCms auf Twitter" href="%(link1)"><i class="fa fa-twitter"></i></a></li>
    <li class="googleplus"><a target="_blank" title="OpenCms auf Google+" href="%(link2)"><i class="fa fa-google-plus"></i></a></li>
    <li class="xing"><a target="_blank" title="OpenCms auf Xing" href="%(link3)"><i class="fa fa-xing"></i></a></li>
    <li class="slideshare"><a target="_blank" title="OpenCms auf SlideShare" href="%(link4)"><i class="fa fa-slideshare"></i></a></li>
    <li class="youtube"><a target="_blank" title="OpenCms auf YouTube" href="%(link5)"><i class="fa fa-youtube"></i></a></li>
    <li class="github"><a target="_blank" title="OpenCms Quellcode auf GitHub" href="%(link6)"><i class="fa fa-github"></i></a></li>
    <li class="rss"><a target="_blank" title="OpenCms RSS News Feed" href="%(link7)"><i class="fa fa-rss"></i></a></li>
</ul>
</div>]]></content>
    </Code>
  </ApolloFlexibleElement>
</ApolloFlexibleElements>
