<?xml version="1.0" encoding="UTF-8"?>

<ApolloFlexibleElements xmlns:xsi="http://www.w3.org/2001/XMLSchema-instance" xsi:noNamespaceSchemaLocation="opencms://system/modules/org.opencms.apollo/schemas/flexible.xsd">
  <ApolloFlexibleElement language="en">
    <Title><![CDATA[CSS Background Classes]]></Title>
    <Code name="Code0">
      <links/>
      <content><![CDATA[<!-- 

Visualization of all available Background colors.
Output is created from JavaScript using the color coded compiled into the theme.
HTML for the boxes is using Apollo squares 

-->
<div id="backgrounds" class="apollo-info sample many-colors mb-20 clearfix">
<div class="ap-square square-xs-6 square-sm-3 square-md-2o4 square-lg-2 square-m-5">
<div class="content bo-1 bo-grey bg-$(name)">
<div class="table">
<div class="table-cell">

<div class="lead">bg-$(name)</div>
<div>$(value)</div>

</div>
</div>
</div>
</div>
</div>]]></content>
    </Code>
  </ApolloFlexibleElement>
</ApolloFlexibleElements>
