<?xml version="1.0" encoding="UTF-8"?>

<NewFormatters xmlns:xsi="http://www.w3.org/2001/XMLSchema-instance" xsi:noNamespaceSchemaLocation="opencms://system/modules/org.opencms.ade.config/schemas/formatters/new_formatter.xsd">
  <NewFormatter language="en">
    <NiceName><![CDATA[%(key.formatter.a-contact.twocol)]]></NiceName>
    <Type><![CDATA[a-contact]]></Type>
    <Jsp>
      <link type="WEAK">
        <target><![CDATA[/system/modules/org.opencms.apollo/formatters/contact-twocol.jsp]]></target>
        <uuid>fc77029a-efac-11e6-92f8-0242ac11002b</uuid>
      </link>
    </Jsp>
    <Rank><![CDATA[950]]></Rank>
    <Match>
      <Types>
        <ContainerType><![CDATA[element]]></ContainerType>
        <ContainerType><![CDATA[contact]]></ContainerType>
        <ContainerType><![CDATA[contact-twocol]]></ContainerType>
      </Types>
    </Match>
    <Preview>false</Preview>
    <SearchContent>true</SearchContent>
    <AutoEnabled>true</AutoEnabled>
    <Detail>true</Detail>
    <NestedContainers>false</NestedContainers>
    <Setting>
      <PropertyName><![CDATA[wrapperclass]]></PropertyName>
      <DisplayName><![CDATA[%(key.apollo.setting.cssclass)]]></DisplayName>
      <Description><![CDATA[%(key.apollo.setting.cssclass.description)]]></Description>
      <Widget><![CDATA[selectcombo]]></Widget>
      <WidgetConfig><![CDATA[%(page-property:apollo.css.wrapper)]]></WidgetConfig>
    </Setting>
    <Setting>
      <PropertyName><![CDATA[effect]]></PropertyName>
      <DisplayName><![CDATA[%(key.apollo.setting.image.effect.label)]]></DisplayName>
      <Widget><![CDATA[select]]></Widget>
      <Default><![CDATA[none]]></Default>
      <WidgetConfig><![CDATA[
        none:%(key.apollo.setting.image.effect.none)|
        no-img:%(key.apollo.contact.setting.noimage)|
        effect-shadow:%(key.apollo.setting.image.effect.animatedshadow)|
        effect-kenburns:%(key.apollo.setting.image.effect.kenburns)|
        effect-shadow-effect-kenburns:%(key.apollo.setting.image.effect.shadow-kenburns)
      ]]></WidgetConfig>
    </Setting>
    <Setting>
      <PropertyName><![CDATA[link]]></PropertyName>
      <DisplayName><![CDATA[%(key.apollo.contact.setting.showlink)]]></DisplayName>
      <Widget><![CDATA[select]]></Widget>
      <Default><![CDATA[false]]></Default>
      <WidgetConfig><![CDATA[
        false:%(key.apollo.setting.showlink.false)|
        animated-link:%(key.apollo.setting.showlink.image)|
        static-link:%(key.apollo.setting.showlink.button)
      ]]></WidgetConfig>
    </Setting>
    <Setting>
      <PropertyName><![CDATA[labels]]></PropertyName>
      <DisplayName><![CDATA[%(key.apollo.contact.setting.labels)]]></DisplayName>
      <Widget><![CDATA[select]]></Widget>
      <Default><![CDATA[label-text]]></Default>
      <WidgetConfig><![CDATA[
        label-min:%(key.apollo.contact.setting.labels.min)|
        label-text:%(key.apollo.contact.setting.labels.text)|
        label-icon:%(key.apollo.contact.setting.labels.icons)|
        label-text-label-icon:%(key.apollo.contact.setting.labels.texticons)
      ]]></WidgetConfig>
    </Setting>
    <Setting>
      <PropertyName><![CDATA[showAddress]]></PropertyName>
      <DisplayName><![CDATA[%(key.apollo.contact.setting.showaddress)]]></DisplayName>
      <Widget><![CDATA[select]]></Widget>
      <Default><![CDATA[true]]></Default>
      <WidgetConfig><![CDATA[
        true:%(key.apollo.contact.setting.address.true)|
        false:%(key.apollo.contact.setting.address.false)|
        always:%(key.apollo.contact.setting.address.always)
      ]]></WidgetConfig>
    </Setting>
    <Setting>
      <PropertyName><![CDATA[showPosition]]></PropertyName>
      <DisplayName><![CDATA[%(key.apollo.contact.setting.showposition)]]></DisplayName>
      <Widget><![CDATA[checkbox]]></Widget>
      <Default><![CDATA[true]]></Default>
    </Setting>
    <Setting>
      <PropertyName><![CDATA[showOrganization]]></PropertyName>
      <DisplayName><![CDATA[%(key.apollo.contact.setting.showorganization)]]></DisplayName>
      <Widget><![CDATA[checkbox]]></Widget>
      <Default><![CDATA[true]]></Default>
    </Setting>
    <Setting>
      <PropertyName><![CDATA[showDescription]]></PropertyName>
      <DisplayName><![CDATA[%(key.apollo.contact.setting.showdescription)]]></DisplayName>
      <Widget><![CDATA[checkbox]]></Widget>
      <Default><![CDATA[true]]></Default>
    </Setting>
    <Setting>
      <PropertyName><![CDATA[showPhone]]></PropertyName>
      <DisplayName><![CDATA[%(key.apollo.contact.setting.showphone)]]></DisplayName>
      <Widget><![CDATA[checkbox]]></Widget>
      <Default><![CDATA[true]]></Default>
    </Setting>
    <Setting>
      <PropertyName><![CDATA[showEmail]]></PropertyName>
      <DisplayName><![CDATA[%(key.apollo.contact.setting.showemail)]]></DisplayName>
      <Widget><![CDATA[checkbox]]></Widget>
      <Default><![CDATA[true]]></Default>
    </Setting>
    <Setting>
      <PropertyName><![CDATA[showVcard]]></PropertyName>
      <DisplayName><![CDATA[%(key.apollo.contact.setting.showvcard)]]></DisplayName>
      <Widget><![CDATA[checkbox]]></Widget>
      <Default><![CDATA[false]]></Default>
    </Setting>
  </NewFormatter>
</NewFormatters>
