<?xml version="1.0" encoding="UTF-8"?>

<export>
	<info>
		<infoproject>Offline</infoproject>
		<export_version>10</export_version>
	</info>
	<module>
		<name>org.opencms.workplace.tools.cache</name>
		<nicename><![CDATA[OpenCms Cache administration tools]]></nicename>
		<group>OpenCms Workplace</group>
		<class/>
    <import-script><![CDATA[
# sets access control entries  and properties on folders not exclusively belonging to this module
writeProperty '/system/workplace/admin/cache/' 'Description' '${key.GUI_CACHE_ADMIN_TOOL_HELP_0}'
writeProperty '/system/workplace/admin/cache/' 'NavImage' 'tools/cache/icons/big/cache.png:tools/cache/icons/small/cache.png'
writeProperty '/system/workplace/admin/cache/' 'NavInfo' '${key.GUI_CACHE_ADMIN_TOOL_GROUP_0}'
writeProperty '/system/workplace/admin/cache/' 'NavPos' '100.0'
writeProperty '/system/workplace/admin/cache/' 'NavText' '${key.GUI_CACHE_ADMIN_TOOL_NAME_0}'
writeProperty '/system/workplace/admin/cache/' 'Title' 'Cache Administration'
writeProperty '/system/workplace/admin/cache/' 'admintoolhandler-class' 'org.opencms.workplace.tools.cache.CmsCacheAdminToolHandler'
		]]></import-script>
		<export-mode name="reduced"/>
		<description><![CDATA[<p>This module contains the OpenCms administration tools for managing the different internal caches.</p>
<p><i>&copy; 2018 by Alkacon Software GmbH &amp; Co. KG (http://www.alkacon.com).</i></p>]]></description>
		<version>10.5.0</version>
		<authorname><![CDATA[Alkacon Software GmbH &amp; Co. KG]]></authorname>
		<authoremail><![CDATA[info@alkacon.com]]></authoremail>
		<datecreated>Mon, 27 Jun 2005 08:00:00 GMT</datecreated>
		<userinstalled/>
		<dateinstalled/>
		<dependencies>
			<dependency name="org.opencms.workplace" version="10.0.0"/>
			<dependency name="org.opencms.workplace.administration" version="10.0.0"/>
		</dependencies>
		<exportpoints/>
		<resources>
			<resource uri="/system/workplace/admin/cache/corecache_flush.jsp"/>
			<resource uri="/system/workplace/admin/cache/flexcache.jsp"/>
			<resource uri="/system/workplace/admin/cache/flexcache_flush.jsp"/>
			<resource uri="/system/workplace/admin/cache/images.jsp"/>
			<resource uri="/system/workplace/admin/cache/images_flush.jsp"/>
			<resource uri="/system/workplace/admin/cache/jsprepository.jsp"/>
			<resource uri="/system/workplace/resources/tools/cache/buttons/flexentry.png"/>
			<resource uri="/system/workplace/resources/tools/cache/buttons/imageentry.png"/>
			<resource uri="/system/workplace/resources/tools/cache/icons/big/cache.png"/>
			<resource uri="/system/workplace/resources/tools/cache/icons/big/core.png"/>
			<resource uri="/system/workplace/resources/tools/cache/icons/big/flexcache.png"/>
			<resource uri="/system/workplace/resources/tools/cache/icons/big/flexcache_clean.png"/>
			<resource uri="/system/workplace/resources/tools/cache/icons/big/images.png"/>
			<resource uri="/system/workplace/resources/tools/cache/icons/big/images_flush.png"/>
			<resource uri="/system/workplace/resources/tools/cache/icons/big/jsp_repository.png"/>
			<resource uri="/system/workplace/resources/tools/cache/icons/small/cache.png"/>
		</resources>
		<excluderesources/>
		<parameters/>
	</module>
	<files>
		<file>
			<destination>system</destination>
			<type>folder</type>
			<properties/>
		</file>
		<file>
			<destination>system/workplace</destination>
			<type>folder</type>
			<properties/>
		</file>
		<file>
			<destination>system/workplace/admin</destination>
			<type>folder</type>
			<properties/>
		</file>
		<file>
			<destination>system/workplace/admin/cache</destination>
			<type>folder</type>
			<properties/>
		</file>
		<file>
			<source>system/workplace/admin/cache/corecache_flush.jsp</source>
			<destination>system/workplace/admin/cache/corecache_flush.jsp</destination>
			<type>jsp</type>
			<uuidstructure>4c174157-0b04-11dd-9e25-111d34530985</uuidstructure>
			<uuidresource>4c174158-0b04-11dd-9e25-111d34530985</uuidresource>
			<datecreated>Tue, 15 Apr 2008 15:54:57 GMT</datecreated>
			<flags>0</flags>
			<properties>
				<property>
					<name>Description</name>
					<value><![CDATA[${key.GUI_CORECACHE_CLEAN_ADMIN_TOOL_HELP_0}]]></value>
				</property>
				<property>
					<name>NavImage</name>
					<value><![CDATA[tools/cache/icons/big/core.png]]></value>
				</property>
				<property>
					<name>NavInfo</name>
					<value><![CDATA[${key.GUI_CORECACHE_CLEAN_ADMIN_TOOL_GROUP_0}]]></value>
				</property>
				<property>
					<name>NavPos</name>
					<value><![CDATA[12]]></value>
				</property>
				<property>
					<name>NavText</name>
					<value><![CDATA[${key.GUI_CORECACHE_CLEAN_ADMIN_TOOL_NAME_0}]]></value>
				</property>
				<property>
					<name>Title</name>
					<value><![CDATA[Core caches flushing]]></value>
				</property>
				<property>
					<name>admintoolhandler-args</name>
					<value><![CDATA[confirmation:${key.GUI_CORECACHE_CLEAN_ADMIN_TOOL_CONF_0}]]></value>
				</property>
				<property>
					<name>admintoolhandler-class</name>
					<value><![CDATA[org.opencms.workplace.tools.cache.CmsCacheAdminToolHandler]]></value>
				</property>
				<property>
					<name>export</name>
					<value><![CDATA[false]]></value>
				</property>
			</properties>
			<relations/>
			<accesscontrol/>
		</file>
		<file>
			<source>system/workplace/admin/cache/flexcache.jsp</source>
			<destination>system/workplace/admin/cache/flexcache.jsp</destination>
			<type>jsp</type>
			<uuidstructure>e75dc11c-11b7-11db-91cd-fdbae480bac9</uuidstructure>
			<uuidresource>e75dc11b-11b7-11db-91cd-fdbae480bac9</uuidresource>
			<datecreated>Mon, 27 Jun 2005 08:00:00 GMT</datecreated>
			<flags>0</flags>
			<properties>
				<property>
					<name>Description</name>
					<value><![CDATA[${key.GUI_FLEXCACHE_ADMIN_TOOL_HELP_0}]]></value>
				</property>
				<property>
					<name>NavImage</name>
					<value><![CDATA[tools/cache/icons/big/flexcache.png]]></value>
				</property>
				<property>
					<name>NavInfo</name>
					<value><![CDATA[${key.GUI_FLEXCACHE_ADMIN_TOOL_GROUP_0}]]></value>
				</property>
				<property>
					<name>NavPos</name>
					<value><![CDATA[1]]></value>
				</property>
				<property>
					<name>NavText</name>
					<value><![CDATA[${key.GUI_FLEXCACHE_ADMIN_TOOL_NAME_0}]]></value>
				</property>
				<property>
					<name>Title</name>
					<value><![CDATA[FlexCache Administration]]></value>
				</property>
				<property>
					<name>admintoolhandler-class</name>
					<value><![CDATA[org.opencms.workplace.tools.cache.CmsCacheAdminToolHandler]]></value>
				</property>
				<property>
					<name>export</name>
					<value><![CDATA[false]]></value>
				</property>
			</properties>
			<relations/>
			<accesscontrol/>
		</file>
		<file>
			<source>system/workplace/admin/cache/flexcache_flush.jsp</source>
			<destination>system/workplace/admin/cache/flexcache_flush.jsp</destination>
			<type>jsp</type>
			<uuidstructure>69d9aee8-0af2-11dd-9cb8-111d34530985</uuidstructure>
			<uuidresource>69d9aee9-0af2-11dd-9cb8-111d34530985</uuidresource>
			<datecreated>Tue, 15 Apr 2008 13:46:56 GMT</datecreated>
			<flags>0</flags>
			<properties>
				<property>
					<name>Description</name>
					<value><![CDATA[${key.GUI_FLEXCACHE_CLEAN_ADMIN_TOOL_HELP_0}]]></value>
				</property>
				<property>
					<name>NavImage</name>
					<value><![CDATA[tools/cache/icons/big/flexcache_clean.png]]></value>
				</property>
				<property>
					<name>NavInfo</name>
					<value><![CDATA[${key.GUI_FLEXCACHE_CLEAN_ADMIN_TOOL_GROUP_0}]]></value>
				</property>
				<property>
					<name>NavPos</name>
					<value><![CDATA[11]]></value>
				</property>
				<property>
					<name>NavText</name>
					<value><![CDATA[${key.GUI_FLEXCACHE_CLEAN_ADMIN_TOOL_NAME_0}]]></value>
				</property>
				<property>
					<name>Title</name>
					<value><![CDATA[FlexCache Flushing]]></value>
				</property>
				<property>
					<name>admintoolhandler-class</name>
					<value><![CDATA[org.opencms.workplace.tools.cache.CmsCacheAdminToolHandler]]></value>
				</property>
				<property>
					<name>export</name>
					<value><![CDATA[false]]></value>
				</property>
			</properties>
			<relations/>
			<accesscontrol/>
		</file>
		<file>
			<source>system/workplace/admin/cache/images.jsp</source>
			<destination>system/workplace/admin/cache/images.jsp</destination>
			<type>jsp</type>
			<uuidstructure>99679669-0bbd-11dd-9af6-111d34530985</uuidstructure>
			<uuidresource>9967966a-0bbd-11dd-9af6-111d34530985</uuidresource>
			<datecreated>Wed, 16 Apr 2008 14:01:24 GMT</datecreated>
			<flags>0</flags>
			<properties>
				<property>
					<name>Description</name>
					<value><![CDATA[${key.GUI_IMAGECACHE_ADMIN_TOOL_HELP_0}]]></value>
				</property>
				<property>
					<name>NavImage</name>
					<value><![CDATA[tools/cache/icons/big/images.png]]></value>
				</property>
				<property>
					<name>NavInfo</name>
					<value><![CDATA[${key.GUI_IMAGECACHE_ADMIN_TOOL_GROUP_0}]]></value>
				</property>
				<property>
					<name>NavPos</name>
					<value><![CDATA[2]]></value>
				</property>
				<property>
					<name>NavText</name>
					<value><![CDATA[${key.GUI_IMAGECACHE_ADMIN_TOOL_NAME_0}]]></value>
				</property>
				<property>
					<name>Title</name>
					<value><![CDATA[Image Cache Administration]]></value>
				</property>
				<property>
					<name>admintoolhandler-class</name>
					<value><![CDATA[org.opencms.workplace.tools.cache.CmsCacheAdminToolHandler]]></value>
				</property>
				<property>
					<name>export</name>
					<value><![CDATA[false]]></value>
				</property>
			</properties>
			<relations/>
			<accesscontrol/>
		</file>
		<file>
			<source>system/workplace/admin/cache/images_flush.jsp</source>
			<destination>system/workplace/admin/cache/images_flush.jsp</destination>
			<type>jsp</type>
			<uuidstructure>f4392a2c-0b02-11dd-9e25-111d34530985</uuidstructure>
			<uuidresource>f4392a2d-0b02-11dd-9e25-111d34530985</uuidresource>
			<datecreated>Tue, 15 Apr 2008 15:45:20 GMT</datecreated>
			<flags>0</flags>
			<properties>
				<property>
					<name>Description</name>
					<value><![CDATA[${key.GUI_IMAGECACHE_CLEAN_ADMIN_TOOL_HELP_0}]]></value>
				</property>
				<property>
					<name>NavImage</name>
					<value><![CDATA[tools/cache/icons/big/images_flush.png]]></value>
				</property>
				<property>
					<name>NavInfo</name>
					<value><![CDATA[${key.GUI_IMAGECACHE_CLEAN_ADMIN_TOOL_GROUP_0}]]></value>
				</property>
				<property>
					<name>NavPos</name>
					<value><![CDATA[14]]></value>
				</property>
				<property>
					<name>NavText</name>
					<value><![CDATA[${key.GUI_IMAGECACHE_CLEAN_ADMIN_TOOL_NAME_0}]]></value>
				</property>
				<property>
					<name>Title</name>
					<value><![CDATA[Image Cache Flushing]]></value>
				</property>
				<property>
					<name>admintoolhandler-class</name>
					<value><![CDATA[org.opencms.workplace.tools.cache.CmsCacheAdminToolHandler]]></value>
				</property>
				<property>
					<name>export</name>
					<value><![CDATA[false]]></value>
				</property>
			</properties>
			<relations/>
			<accesscontrol/>
		</file>
		<file>
			<source>system/workplace/admin/cache/jsprepository.jsp</source>
			<destination>system/workplace/admin/cache/jsprepository.jsp</destination>
			<type>jsp</type>
			<uuidstructure>ee3c1d31-0b02-11dd-9e25-111d34530985</uuidstructure>
			<uuidresource>ee3c1d32-0b02-11dd-9e25-111d34530985</uuidresource>
			<datecreated>Tue, 15 Apr 2008 15:45:10 GMT</datecreated>
			<flags>0</flags>
			<properties>
				<property>
					<name>Description</name>
					<value><![CDATA[${key.GUI_JSP_REPOSITORY_ADMIN_TOOL_HELP_0}]]></value>
				</property>
				<property>
					<name>NavImage</name>
					<value><![CDATA[tools/cache/icons/big/jsp_repository.png]]></value>
				</property>
				<property>
					<name>NavInfo</name>
					<value><![CDATA[${key.GUI_JSP_REPOSITORY_ADMIN_TOOL_GROUP_0}]]></value>
				</property>
				<property>
					<name>NavPos</name>
					<value><![CDATA[16]]></value>
				</property>
				<property>
					<name>NavText</name>
					<value><![CDATA[${key.GUI_JSP_REPOSITORY_ADMIN_TOOL_NAME_0}]]></value>
				</property>
				<property>
					<name>Title</name>
					<value><![CDATA[Purge Jsp Repository]]></value>
				</property>
				<property>
					<name>admintoolhandler-args</name>
					<value><![CDATA[confirmation:${key.GUI_JSP_REPOSITORY_ADMIN_TOOL_CONF_0}]]></value>
				</property>
				<property>
					<name>admintoolhandler-class</name>
					<value><![CDATA[org.opencms.workplace.tools.cache.CmsCacheAdminToolHandler]]></value>
				</property>
				<property>
					<name>export</name>
					<value><![CDATA[false]]></value>
				</property>
			</properties>
			<relations/>
			<accesscontrol/>
		</file>
		<file>
			<destination>system/workplace/resources</destination>
			<type>folder</type>
			<properties/>
		</file>
		<file>
			<destination>system/workplace/resources/tools</destination>
			<type>folder</type>
			<properties/>
		</file>
		<file>
			<destination>system/workplace/resources/tools/cache</destination>
			<type>folder</type>
			<properties/>
		</file>
		<file>
			<destination>system/workplace/resources/tools/cache/buttons</destination>
			<type>folder</type>
			<properties/>
		</file>
		<file>
			<source>system/workplace/resources/tools/cache/buttons/flexentry.png</source>
			<destination>system/workplace/resources/tools/cache/buttons/flexentry.png</destination>
			<type>image</type>
			<uuidstructure>3b145d6b-0aed-11dd-a3a7-111d34530985</uuidstructure>
			<uuidresource>3b145d6c-0aed-11dd-a3a7-111d34530985</uuidresource>
			<datecreated>Tue, 15 Apr 2008 13:09:50 GMT</datecreated>
			<flags>0</flags>
			<properties>
				<property type="shared">
					<name>image.size</name>
					<value><![CDATA[w:20,h:20]]></value>
				</property>
			</properties>
			<relations/>
			<accesscontrol/>
		</file>
		<file>
			<source>system/workplace/resources/tools/cache/buttons/imageentry.png</source>
			<destination>system/workplace/resources/tools/cache/buttons/imageentry.png</destination>
			<type>image</type>
			<uuidstructure>07e788ac-0bc5-11dd-af93-111d34530985</uuidstructure>
			<uuidresource>07e788ad-0bc5-11dd-af93-111d34530985</uuidresource>
			<datecreated>Wed, 16 Apr 2008 14:54:36 GMT</datecreated>
			<flags>0</flags>
			<properties>
				<property type="shared">
					<name>image.size</name>
					<value><![CDATA[w:20,h:20]]></value>
				</property>
			</properties>
			<relations/>
			<accesscontrol/>
		</file>
		<file>
			<destination>system/workplace/resources/tools/cache/icons</destination>
			<type>folder</type>
			<properties/>
		</file>
		<file>
			<destination>system/workplace/resources/tools/cache/icons/big</destination>
			<type>folder</type>
			<properties/>
		</file>
		<file>
			<source>system/workplace/resources/tools/cache/icons/big/cache.png</source>
			<destination>system/workplace/resources/tools/cache/icons/big/cache.png</destination>
			<type>image</type>
			<uuidstructure>e96661b2-0af1-11dd-9cb8-111d34530985</uuidstructure>
			<uuidresource>e96661b3-0af1-11dd-9cb8-111d34530985</uuidresource>
			<datecreated>Tue, 15 Apr 2008 13:43:21 GMT</datecreated>
			<flags>0</flags>
			<properties>
				<property type="shared">
					<name>image.size</name>
					<value><![CDATA[w:32,h:32]]></value>
				</property>
			</properties>
			<relations/>
			<accesscontrol/>
		</file>
		<file>
			<source>system/workplace/resources/tools/cache/icons/big/core.png</source>
			<destination>system/workplace/resources/tools/cache/icons/big/core.png</destination>
			<type>image</type>
			<uuidstructure>72d0bcf1-0b04-11dd-9e25-111d34530985</uuidstructure>
			<uuidresource>72d0bcf2-0b04-11dd-9e25-111d34530985</uuidresource>
			<datecreated>Tue, 15 Apr 2008 15:56:02 GMT</datecreated>
			<flags>0</flags>
			<properties>
				<property type="shared">
					<name>image.size</name>
					<value><![CDATA[w:32,h:32]]></value>
				</property>
			</properties>
			<relations/>
			<accesscontrol/>
		</file>
		<file>
			<source>system/workplace/resources/tools/cache/icons/big/flexcache.png</source>
			<destination>system/workplace/resources/tools/cache/icons/big/flexcache.png</destination>
			<type>image</type>
			<uuidstructure>e804af89-11b7-11db-91cd-fdbae480bac9</uuidstructure>
			<uuidresource>e804af88-11b7-11db-91cd-fdbae480bac9</uuidresource>
			<datecreated>Mon, 27 Jun 2005 08:00:00 GMT</datecreated>
			<flags>0</flags>
			<properties>
				<property type="shared">
					<name>image.size</name>
					<value><![CDATA[w:32,h:32]]></value>
				</property>
			</properties>
			<relations/>
			<accesscontrol/>
		</file>
		<file>
			<source>system/workplace/resources/tools/cache/icons/big/flexcache_clean.png</source>
			<destination>system/workplace/resources/tools/cache/icons/big/flexcache_clean.png</destination>
			<type>image</type>
			<uuidstructure>d068df21-0af2-11dd-9cb8-111d34530985</uuidstructure>
			<uuidresource>d068df22-0af2-11dd-9cb8-111d34530985</uuidresource>
			<datecreated>Tue, 15 Apr 2008 13:49:48 GMT</datecreated>
			<flags>0</flags>
			<properties>
				<property type="shared">
					<name>image.size</name>
					<value><![CDATA[w:32,h:32]]></value>
				</property>
			</properties>
			<relations/>
			<accesscontrol/>
		</file>
		<file>
			<source>system/workplace/resources/tools/cache/icons/big/images.png</source>
			<destination>system/workplace/resources/tools/cache/icons/big/images.png</destination>
			<type>image</type>
			<uuidstructure>7db19ea7-0b04-11dd-9e25-111d34530985</uuidstructure>
			<uuidresource>7db19ea8-0b04-11dd-9e25-111d34530985</uuidresource>
			<datecreated>Tue, 15 Apr 2008 15:56:20 GMT</datecreated>
			<flags>0</flags>
			<properties>
				<property type="shared">
					<name>image.size</name>
					<value><![CDATA[w:32,h:32]]></value>
				</property>
			</properties>
			<relations/>
			<accesscontrol/>
		</file>
		<file>
			<source>system/workplace/resources/tools/cache/icons/big/images_flush.png</source>
			<destination>system/workplace/resources/tools/cache/icons/big/images_flush.png</destination>
			<type>image</type>
			<uuidstructure>f8ceaf2a-0b8a-11dd-a30d-111d34530985</uuidstructure>
			<uuidresource>f8ceaf2b-0b8a-11dd-a30d-111d34530985</uuidresource>
			<datecreated>Wed, 16 Apr 2008 07:58:59 GMT</datecreated>
			<flags>0</flags>
			<properties>
				<property type="shared">
					<name>image.size</name>
					<value><![CDATA[w:32,h:32]]></value>
				</property>
			</properties>
			<relations/>
			<accesscontrol/>
		</file>
		<file>
			<source>system/workplace/resources/tools/cache/icons/big/jsp_repository.png</source>
			<destination>system/workplace/resources/tools/cache/icons/big/jsp_repository.png</destination>
			<type>image</type>
			<uuidstructure>78d2abe4-0b04-11dd-9e25-111d34530985</uuidstructure>
			<uuidresource>78d2abe5-0b04-11dd-9e25-111d34530985</uuidresource>
			<datecreated>Tue, 15 Apr 2008 15:56:12 GMT</datecreated>
			<flags>0</flags>
			<properties>
				<property type="shared">
					<name>image.size</name>
					<value><![CDATA[w:32,h:32]]></value>
				</property>
			</properties>
			<relations/>
			<accesscontrol/>
		</file>
		<file>
			<destination>system/workplace/resources/tools/cache/icons/small</destination>
			<type>folder</type>
			<properties/>
		</file>
		<file>
			<source>system/workplace/resources/tools/cache/icons/small/cache.png</source>
			<destination>system/workplace/resources/tools/cache/icons/small/cache.png</destination>
			<type>image</type>
			<uuidstructure>e80bdb7f-11b7-11db-91cd-fdbae480bac9</uuidstructure>
			<uuidresource>e80bdb7e-11b7-11db-91cd-fdbae480bac9</uuidresource>
			<datecreated>Mon, 27 Jun 2005 08:00:00 GMT</datecreated>
			<flags>0</flags>
			<properties>
				<property type="shared">
					<name>image.size</name>
					<value><![CDATA[w:20,h:20]]></value>
				</property>
			</properties>
			<relations/>
			<accesscontrol/>
		</file>
	</files>
</export>