<?xml version="1.0" encoding="UTF-8"?>

<ApolloTabs xmlns:xsi="http://www.w3.org/2001/XMLSchema-instance" xsi:noNamespaceSchemaLocation="opencms://system/modules/org.opencms.apollo/schemas/tabs.xsd">
  <ApolloTab language="en">
    <Title><![CDATA[FAQ Tab]]></Title>
    <Label><![CDATA[OpenCms questions]]></Label>
    <Label><![CDATA[Silly questions]]></Label>
  </ApolloTab>
  <ApolloTab language="de">
    <Title><![CDATA[FAQ Tab]]></Title>
    <Label><![CDATA[OpenCms Fragen]]></Label>
    <Label><![CDATA[Alberne Fragen]]></Label>
  </ApolloTab>
</ApolloTabs>
