<?xml version="1.0" encoding="UTF-8"?>

<export>
	<info>
		<infoproject>Offline</infoproject>
		<export_version>10</export_version>
	</info>
	<module>
		<name>org.opencms.workplace.tools.modules</name>
		<nicename><![CDATA[OpenCms Module management]]></nicename>
		<group>OpenCms Workplace</group>
		<class/>
    <import-script><![CDATA[
# sets access control entries  and properties on folders not exclusively belonging to this module
writeProperty '/system/workplace/admin/modules/' 'Description' '${key.GUI_MODULES_ADMIN_TOOL_HELP_0}'
writeProperty '/system/workplace/admin/modules/' 'NavImage' 'tools/modules/icons/big/modules.png:tools/modules/icons/small/modules.png'
writeProperty '/system/workplace/admin/modules/' 'NavInfo' '${key.GUI_MODULES_ADMIN_TOOL_GROUP_0}'
writeProperty '/system/workplace/admin/modules/' 'NavPos' '30.0'
writeProperty '/system/workplace/admin/modules/' 'NavText' '${key.GUI_MODULES_ADMIN_TOOL_NAME_0}'
writeProperty '/system/workplace/admin/modules/' 'Title' 'Module Management'
writeProperty '/system/workplace/admin/modules/' 'admintoolhandler-class' 'org.opencms.workplace.tools.modules.CmsModulesToolHandler'
writeProperty '/system/workplace/admin/modules/' 'default-file' 'index.jsp'

writeProperty '/system/workplace/admin/modules/reports/' 'Title' 'Reports'
		]]></import-script>
		<export-mode name="reduced"/>
		<description><![CDATA[<p>This module contains administration tools for managing the OpenCms modules.</p>
<p><i>&copy; 2018 by Alkacon Software GmbH &amp; Co. KG (http://www.alkacon.com).</i></p>]]></description>
		<version>10.5.1</version>
		<authorname><![CDATA[Alkacon Software GmbH &amp; Co. KG]]></authorname>
		<authoremail><![CDATA[info@alkacon.com]]></authoremail>
		<datecreated>Mon, 27 Jun 2005 08:00:00 GMT</datecreated>
		<userinstalled/>
		<dateinstalled/>
		<dependencies>
			<dependency name="org.opencms.workplace" version="10.0.0"/>
			<dependency name="org.opencms.workplace.administration" version="10.0.0"/>
		</dependencies>
		<exportpoints/>
		<resources>
			<resource uri="/system/workplace/admin/modules/dependencies_edit.jsp"/>
			<resource uri="/system/workplace/admin/modules/dependencies_list.jsp"/>
			<resource uri="/system/workplace/admin/modules/dependencies_new.jsp"/>
			<resource uri="/system/workplace/admin/modules/exportpoints_edit.jsp"/>
			<resource uri="/system/workplace/admin/modules/exportpoints_list.jsp"/>
			<resource uri="/system/workplace/admin/modules/exportpoints_new.jsp"/>
			<resource uri="/system/workplace/admin/modules/index.jsp"/>
			<resource uri="/system/workplace/admin/modules/modules_delete.jsp"/>
			<resource uri="/system/workplace/admin/modules/modules_edit.jsp"/>
			<resource uri="/system/workplace/admin/modules/modules_edit_parameters.jsp"/>
			<resource uri="/system/workplace/admin/modules/modules_add_type.jsp"/>
			<resource uri="/system/workplace/admin/modules/add_type_report.jsp"/>
			<resource uri="/system/workplace/admin/modules/modules_clone.jsp"/>
			<resource uri="/system/workplace/admin/modules/module-clone-report.jsp"/>
			<resource uri="/system/workplace/admin/modules/modules_edit_resources.jsp"/>
			<resource uri="/system/workplace/admin/modules/modules_export.jsp"/>
			<resource uri="/system/workplace/admin/modules/modules_import.jsp"/>
			<resource uri="/system/workplace/admin/modules/modules_import_server.jsp"/>
			<resource uri="/system/workplace/admin/modules/modules_new.jsp"/>
			<resource uri="/system/workplace/admin/modules/modules_overview.jsp"/>
			<resource uri="/system/workplace/admin/modules/reports/delete.jsp"/>
			<resource uri="/system/workplace/admin/modules/reports/export.jsp"/>
			<resource uri="/system/workplace/admin/modules/reports/import.jsp"/>
			<resource uri="/system/workplace/admin/modules/reports/replace.jsp"/>
			<resource uri="/system/workplace/resources/tools/modules/buttons/contextinfo.gif"/>
			<resource uri="/system/workplace/resources/tools/modules/buttons/export.png"/>
			<resource uri="/system/workplace/resources/tools/modules/buttons/module_dependencies.png"/>
			<resource uri="/system/workplace/resources/tools/modules/buttons/module_exportpoints.png"/>
			<resource uri="/system/workplace/resources/tools/modules/buttons/modules.png"/>
			<resource uri="/system/workplace/resources/tools/modules/icons/big/module_add.png"/>
			<resource uri="/system/workplace/resources/tools/modules/icons/big/module_add_restype.png"/>
			<resource uri="/system/workplace/resources/tools/modules/icons/big/module_delete.png"/>
			<resource uri="/system/workplace/resources/tools/modules/icons/big/module_dependencies.png"/>
			<resource uri="/system/workplace/resources/tools/modules/icons/big/module_dependencies_add.png"/>
			<resource uri="/system/workplace/resources/tools/modules/icons/big/module_edit.png"/>
			<resource uri="/system/workplace/resources/tools/modules/icons/big/module_clone.png"/>
			<resource uri="/system/workplace/resources/tools/modules/icons/big/module_export.png"/>
			<resource uri="/system/workplace/resources/tools/modules/icons/big/module_exportpoints.png"/>
			<resource uri="/system/workplace/resources/tools/modules/icons/big/module_exportpoints_add.png"/>
			<resource uri="/system/workplace/resources/tools/modules/icons/big/module_import_http.png"/>
			<resource uri="/system/workplace/resources/tools/modules/icons/big/module_import_server.png"/>
			<resource uri="/system/workplace/resources/tools/modules/icons/big/module_parameters.png"/>
			<resource uri="/system/workplace/resources/tools/modules/icons/big/module_resources.png"/>
			<resource uri="/system/workplace/resources/tools/modules/icons/big/modules.png"/>
			<resource uri="/system/workplace/resources/tools/modules/icons/small/module_dependencies.png"/>
			<resource uri="/system/workplace/resources/tools/modules/icons/small/module_exportpoints.png"/>
			<resource uri="/system/workplace/resources/tools/modules/icons/small/modules.png"/>
			<resource uri="/system/modules/org.opencms.workplace.tools.modules/"/>
		</resources>
		<excluderesources/>
		<parameters/>
	</module>
	<files>
		<file>
			<destination>system</destination>
			<type>folder</type>
			<properties/>
		</file>
		<file>
			<destination>system/modules</destination>
			<type>folder</type>
			<properties/>
		</file>
		<file>
			<destination>system/modules/org.opencms.workplace.tools.modules</destination>
			<type>folder</type>
			<uuidstructure>d707ee8a-11b7-11db-91cd-fdbae480bac9</uuidstructure>
			<datecreated>Mon, 10 Oct 2005 08:10:10 GMT</datecreated>
			<flags>0</flags>
			<properties/>
			<relations/>
			<accesscontrol/>
		</file>
		<file>
			<destination>system/modules/org.opencms.workplace.tools.modules/samples</destination>
			<type>folder</type>
			<uuidstructure>70faae02-8cdb-11e3-955f-094876801169</uuidstructure>
			<datecreated>Mon, 03 Feb 2014 13:59:47 GMT</datecreated>
			<flags>0</flags>
			<properties/>
			<relations/>
			<accesscontrol/>
		</file>
		<file>
			<source>system/modules/org.opencms.workplace.tools.modules/samples/sample-formatter.jsp</source>
			<destination>system/modules/org.opencms.workplace.tools.modules/samples/sample-formatter.jsp</destination>
			<type>jsp</type>
			<uuidstructure>99ac5017-8cdb-11e3-955f-094876801169</uuidstructure>
			<uuidresource>99ac5018-8cdb-11e3-955f-094876801169</uuidresource>
			<datecreated>Mon, 03 Feb 2014 14:00:55 GMT</datecreated>
			<flags>0</flags>
			<properties>
				<property type="shared">
					<name>export</name>
					<value><![CDATA[false]]></value>
				</property>
			</properties>
			<relations/>
			<accesscontrol/>
		</file>
		<file>
			<source>system/modules/org.opencms.workplace.tools.modules/samples/sample-icon.png</source>
			<destination>system/modules/org.opencms.workplace.tools.modules/samples/sample-icon.png</destination>
			<type>image</type>
			<uuidstructure>152fc737-8cec-11e3-955f-094876801169</uuidstructure>
			<uuidresource>152fc738-8cec-11e3-955f-094876801169</uuidresource>
			<datecreated>Mon, 03 Feb 2014 15:58:54 GMT</datecreated>
			<flags>0</flags>
			<properties>
				<property>
					<name>Title</name>
					<value><![CDATA[sample-icon]]></value>
				</property>
				<property type="shared">
					<name>image.size</name>
					<value><![CDATA[w:16,h:16]]></value>
				</property>
			</properties>
			<relations/>
			<accesscontrol/>
		</file>
		<file>
			<source>system/modules/org.opencms.workplace.tools.modules/samples/sample-icon_big.png</source>
			<destination>system/modules/org.opencms.workplace.tools.modules/samples/sample-icon_big.png</destination>
			<type>image</type>
			<uuidstructure>1535baab-8cec-11e3-955f-094876801169</uuidstructure>
			<uuidresource>1535baac-8cec-11e3-955f-094876801169</uuidresource>
			<datecreated>Mon, 03 Feb 2014 15:58:54 GMT</datecreated>
			<flags>0</flags>
			<properties>
				<property>
					<name>Title</name>
					<value><![CDATA[sample-icon_big]]></value>
				</property>
				<property type="shared">
					<name>image.size</name>
					<value><![CDATA[w:24,h:24]]></value>
				</property>
			</properties>
			<relations/>
			<accesscontrol/>
		</file>
		<file>
			<source>system/modules/org.opencms.workplace.tools.modules/samples/sample-schema.xsd</source>
			<destination>system/modules/org.opencms.workplace.tools.modules/samples/sample-schema.xsd</destination>
			<type>plain</type>
			<uuidstructure>7e9d95e4-8cdb-11e3-955f-094876801169</uuidstructure>
			<uuidresource>7e9d95e5-8cdb-11e3-955f-094876801169</uuidresource>
			<datecreated>Mon, 03 Feb 2014 14:00:10 GMT</datecreated>
			<flags>0</flags>
			<properties>
				<property>
					<name>Title</name>
					<value><![CDATA[Sample resource type schema]]></value>
				</property>
			</properties>
			<relations/>
			<accesscontrol/>
		</file>
		<file>
			<destination>system/workplace</destination>
			<type>folder</type>
			<properties/>
		</file>
		<file>
			<destination>system/workplace/admin</destination>
			<type>folder</type>
			<properties/>
		</file>
		<file>
			<destination>system/workplace/admin/modules</destination>
			<type>folder</type>
			<properties/>
		</file>
		<file>
			<source>system/workplace/admin/modules/add_type_report.jsp</source>
			<destination>system/workplace/admin/modules/add_type_report.jsp</destination>
			<type>jsp</type>
			<uuidstructure>f54c8eab-8a87-11e3-985a-094876801169</uuidstructure>
			<uuidresource>f54c8eac-8a87-11e3-985a-094876801169</uuidresource>
			<datecreated>Fri, 31 Jan 2014 14:57:09 GMT</datecreated>
			<flags>0</flags>
			<properties>
				<property>
					<name>Title</name>
					<value><![CDATA[Add resource type report]]></value>
				</property>
				<property type="shared">
					<name>export</name>
					<value><![CDATA[false]]></value>
				</property>
			</properties>
			<relations/>
			<accesscontrol/>
		</file>
		<file>
			<source>system/workplace/admin/modules/dependencies_edit.jsp</source>
			<destination>system/workplace/admin/modules/dependencies_edit.jsp</destination>
			<type>jsp</type>
			<uuidstructure>d713d579-11b7-11db-91cd-fdbae480bac9</uuidstructure>
			<uuidresource>11493748-d740-11d9-ae08-d995bfb3ec20</uuidresource>
			<datecreated>Mon, 27 Jun 2005 08:00:00 GMT</datecreated>
			<flags>0</flags>
			<properties>
				<property>
					<name>Description</name>
					<value><![CDATA[${key.GUI_EDITADMIN_TOOL_HELP_0}]]></value>
				</property>
				<property>
					<name>NavInfo</name>
					<value><![CDATA[${key.GUI_DEPENDENCIES_ADMIN_TOOL_GROUP_0}]]></value>
				</property>
				<property>
					<name>NavPos</name>
					<value><![CDATA[1]]></value>
				</property>
				<property>
					<name>NavText</name>
					<value><![CDATA[${key.GUI_EDITDEPENDENCIES_ADMIN_TOOL_NAME_0}]]></value>
				</property>
				<property>
					<name>Title</name>
					<value><![CDATA[Edit dependencies]]></value>
				</property>
				<property>
					<name>admintoolhandler-args</name>
					<value><![CDATA[params:module=${param.module}&dependency=${param.dependency}&action=initial|path:/modules/edit/dependencies/edit]]></value>
				</property>
				<property>
					<name>admintoolhandler-class</name>
					<value><![CDATA[org.opencms.workplace.tools.CmsInvisibleToolHandler]]></value>
				</property>
				<property>
					<name>export</name>
					<value><![CDATA[false]]></value>
				</property>
			</properties>
			<relations/>
			<accesscontrol/>
		</file>
		<file>
			<source>system/workplace/admin/modules/dependencies_list.jsp</source>
			<destination>system/workplace/admin/modules/dependencies_list.jsp</destination>
			<type>jsp</type>
			<uuidstructure>d7189073-11b7-11db-91cd-fdbae480bac9</uuidstructure>
			<uuidresource>4a82559b-d763-11d9-a9e3-d995bfb3ec20</uuidresource>
			<datecreated>Mon, 27 Jun 2005 08:00:00 GMT</datecreated>
			<flags>0</flags>
			<properties>
				<property>
					<name>Description</name>
					<value><![CDATA[${key.GUI_MODULEDEPENDENCIES_ADMIN_TOOL_HELP_0}]]></value>
				</property>
				<property>
					<name>NavImage</name>
					<value><![CDATA[tools/modules/icons/big/module_dependencies.png]]></value>
				</property>
				<property>
					<name>NavInfo</name>
					<value><![CDATA[${key.GUI_MODULE_ADMIN_TOOL_GROUP_0}]]></value>
				</property>
				<property>
					<name>NavPos</name>
					<value><![CDATA[5]]></value>
				</property>
				<property>
					<name>NavText</name>
					<value><![CDATA[${key.GUI_MODULEDEPENDENCIES_ADMIN_TOOL_NAME_0}]]></value>
				</property>
				<property>
					<name>Title</name>
					<value><![CDATA[Dependencies List]]></value>
				</property>
				<property>
					<name>admintoolhandler-args</name>
					<value><![CDATA[params:module=${param.module}&style=new&action=initial|path:/modules/edit/dependencies]]></value>
				</property>
				<property>
					<name>admintoolhandler-class</name>
					<value><![CDATA[org.opencms.workplace.tools.modules.CmsModulesToolHandler]]></value>
				</property>
				<property>
					<name>export</name>
					<value><![CDATA[false]]></value>
				</property>
			</properties>
			<relations/>
			<accesscontrol/>
		</file>
		<file>
			<source>system/workplace/admin/modules/dependencies_new.jsp</source>
			<destination>system/workplace/admin/modules/dependencies_new.jsp</destination>
			<type>jsp</type>
			<uuidstructure>d71b017e-11b7-11db-91cd-fdbae480bac9</uuidstructure>
			<uuidresource>f36724cb-d762-11d9-a9e3-d995bfb3ec20</uuidresource>
			<datecreated>Mon, 27 Jun 2005 08:00:00 GMT</datecreated>
			<flags>0</flags>
			<properties>
				<property>
					<name>Description</name>
					<value><![CDATA[${key.GUI_NEWDEPENDENCIES_ADMIN_TOOL_HELP_0}]]></value>
				</property>
				<property>
					<name>NavImage</name>
					<value><![CDATA[tools/modules/icons/big/module_dependencies_add.png]]></value>
				</property>
				<property>
					<name>NavInfo</name>
					<value><![CDATA[${key.GUI_DEPENDENCIES_ADMIN_TOOL_GROUP_0}]]></value>
				</property>
				<property>
					<name>NavPos</name>
					<value><![CDATA[1]]></value>
				</property>
				<property>
					<name>NavText</name>
					<value><![CDATA[${key.GUI_NEWDEPENDENCIES_ADMIN_TOOL_NAME_0}]]></value>
				</property>
				<property>
					<name>Title</name>
					<value><![CDATA[New dependencies]]></value>
				</property>
				<property>
					<name>admintoolhandler-args</name>
					<value><![CDATA[params:module=${param.module}&dependency=${param.dependency}&action=initial|path:/modules/edit/dependencies/new]]></value>
				</property>
				<property>
					<name>admintoolhandler-class</name>
					<value><![CDATA[org.opencms.workplace.tools.modules.CmsModulesToolHandler]]></value>
				</property>
				<property>
					<name>export</name>
					<value><![CDATA[false]]></value>
				</property>
			</properties>
			<relations/>
			<accesscontrol/>
		</file>
		<file>
			<source>system/workplace/admin/modules/exportpoints_edit.jsp</source>
			<destination>system/workplace/admin/modules/exportpoints_edit.jsp</destination>
			<type>jsp</type>
			<uuidstructure>d71fbb79-11b7-11db-91cd-fdbae480bac9</uuidstructure>
			<uuidresource>880ffa36-d828-11d9-b53a-5b7b61659346</uuidresource>
			<datecreated>Mon, 27 Jun 2005 08:00:00 GMT</datecreated>
			<flags>0</flags>
			<properties>
				<property>
					<name>Description</name>
					<value><![CDATA[${key.GUI_EDITEXPORTPOINTS_ADMIN_TOOL_HELP_0}]]></value>
				</property>
				<property>
					<name>NavInfo</name>
					<value><![CDATA[${key.GUI_EXPORTPOINTS_ADMIN_TOOL_GROUP_0}]]></value>
				</property>
				<property>
					<name>NavPos</name>
					<value><![CDATA[1]]></value>
				</property>
				<property>
					<name>NavText</name>
					<value><![CDATA[${key.GUI_EDITEXPORTPOINTS_ADMIN_TOOL_NAME_0}]]></value>
				</property>
				<property>
					<name>Title</name>
					<value><![CDATA[Edit exportpoints]]></value>
				</property>
				<property>
					<name>admintoolhandler-args</name>
					<value><![CDATA[params:module=${param.module}&exportpoint=${param.exportpoint}&action=initial|path:/modules/edit/exportpoints/edit]]></value>
				</property>
				<property>
					<name>admintoolhandler-class</name>
					<value><![CDATA[org.opencms.workplace.tools.CmsInvisibleToolHandler]]></value>
				</property>
				<property>
					<name>export</name>
					<value><![CDATA[false]]></value>
				</property>
			</properties>
			<relations/>
			<accesscontrol/>
		</file>
		<file>
			<source>system/workplace/admin/modules/exportpoints_list.jsp</source>
			<destination>system/workplace/admin/modules/exportpoints_list.jsp</destination>
			<type>jsp</type>
			<uuidstructure>d7222c83-11b7-11db-91cd-fdbae480bac9</uuidstructure>
			<uuidresource>e78b3453-d816-11d9-ad49-5b7b61659346</uuidresource>
			<datecreated>Mon, 27 Jun 2005 08:00:00 GMT</datecreated>
			<flags>0</flags>
			<properties>
				<property>
					<name>Description</name>
					<value><![CDATA[${key.GUI_EXPORTPOINTS_ADMIN_TOOL_HELP_0}]]></value>
				</property>
				<property>
					<name>NavImage</name>
					<value><![CDATA[tools/modules/icons/big/module_exportpoints.png]]></value>
				</property>
				<property>
					<name>NavInfo</name>
					<value><![CDATA[${key.GUI_MODULE_ADMIN_TOOL_GROUP_0}]]></value>
				</property>
				<property>
					<name>NavPos</name>
					<value><![CDATA[4]]></value>
				</property>
				<property>
					<name>NavText</name>
					<value><![CDATA[${key.GUI_EXPORTPOINTS_ADMIN_TOOL_NAME_0}]]></value>
				</property>
				<property>
					<name>Title</name>
					<value><![CDATA[Exportpoints List]]></value>
				</property>
				<property>
					<name>admintoolhandler-args</name>
					<value><![CDATA[params:module=${param.module}&style=new&action=initial|path:/modules/edit/exportpoints]]></value>
				</property>
				<property>
					<name>admintoolhandler-class</name>
					<value><![CDATA[org.opencms.workplace.tools.modules.CmsModulesToolHandler]]></value>
				</property>
				<property>
					<name>export</name>
					<value><![CDATA[false]]></value>
				</property>
			</properties>
			<relations/>
			<accesscontrol/>
		</file>
		<file>
			<source>system/workplace/admin/modules/exportpoints_new.jsp</source>
			<destination>system/workplace/admin/modules/exportpoints_new.jsp</destination>
			<type>jsp</type>
			<uuidstructure>d726e77e-11b7-11db-91cd-fdbae480bac9</uuidstructure>
			<uuidresource>98310450-d82c-11d9-9c7f-5b7b61659346</uuidresource>
			<datecreated>Mon, 27 Jun 2005 08:00:00 GMT</datecreated>
			<flags>0</flags>
			<properties>
				<property>
					<name>Description</name>
					<value><![CDATA[${key.GUI_NEWEXPORTPOINTS_ADMIN_TOOL_HELP_0}]]></value>
				</property>
				<property>
					<name>NavImage</name>
					<value><![CDATA[tools/modules/icons/big/module_exportpoints_add.png]]></value>
				</property>
				<property>
					<name>NavInfo</name>
					<value><![CDATA[${key.GUI_EXPORTPOINTS_ADMIN_TOOL_GROUP_0}]]></value>
				</property>
				<property>
					<name>NavPos</name>
					<value><![CDATA[1]]></value>
				</property>
				<property>
					<name>NavText</name>
					<value><![CDATA[${key.GUI_NEWEXPORTPOINTS_ADMIN_TOOL_NAME_0}]]></value>
				</property>
				<property>
					<name>Title</name>
					<value><![CDATA[New exportpoints]]></value>
				</property>
				<property>
					<name>admintoolhandler-args</name>
					<value><![CDATA[params:module=${param.module}&exportpoint=${param.exportpoint}&action=initial|path:/modules/edit/exportpoints/new]]></value>
				</property>
				<property>
					<name>admintoolhandler-class</name>
					<value><![CDATA[org.opencms.workplace.tools.modules.CmsModulesToolHandler]]></value>
				</property>
				<property>
					<name>export</name>
					<value><![CDATA[false]]></value>
				</property>
			</properties>
			<relations/>
			<accesscontrol/>
		</file>
		<file>
			<source>system/workplace/admin/modules/index.jsp</source>
			<destination>system/workplace/admin/modules/index.jsp</destination>
			<type>jsp</type>
			<uuidstructure>d7295889-11b7-11db-91cd-fdbae480bac9</uuidstructure>
			<uuidresource>108a398a-c6d8-11d9-888d-8fa6905eb2f3</uuidresource>
			<datecreated>Mon, 27 Jun 2005 08:00:00 GMT</datecreated>
			<flags>0</flags>
			<properties>
				<property>
					<name>export</name>
					<value><![CDATA[false]]></value>
				</property>
			</properties>
			<relations/>
			<accesscontrol/>
		</file>
		<file>
			<source>system/workplace/admin/modules/module-clone-report.jsp</source>
			<destination>system/workplace/admin/modules/module-clone-report.jsp</destination>
			<type>jsp</type>
			<uuidstructure>d26e7803-9756-4820-a6e3-a4c81750c713</uuidstructure>
			<uuidresource>2618d6d5-c420-4a5b-9f5d-0ae89c11c6ee</uuidresource>
			<datecreated>Mon, 27 Jun 2005 08:00:00 GMT</datecreated>
			<flags>0</flags>
			<properties>
				<property>
					<name>export</name>
					<value><![CDATA[false]]></value>
				</property>
			</properties>
			<relations/>
			<accesscontrol/>
		</file>
		<file>
			<source>system/workplace/admin/modules/modules_add_type.jsp</source>
			<destination>system/workplace/admin/modules/modules_add_type.jsp</destination>
			<type>jsp</type>
			<uuidstructure>f9fad316-88f0-11e3-9376-094876801169</uuidstructure>
			<uuidresource>f9fad317-88f0-11e3-9376-094876801169</uuidresource>
			<datecreated>Wed, 29 Jan 2014 14:23:51 GMT</datecreated>
			<flags>0</flags>
			<properties>
				<property>
					<name>Description</name>
					<value><![CDATA[${key.GUI_ADD_RESOURCE_TYPE_ADMIN_TOOL_HELP_0}]]></value>
				</property>
				<property>
					<name>NavImage</name>
					<value><![CDATA[tools/modules/icons/big/module_add_restype.png]]></value>
				</property>
				<property>
					<name>NavInfo</name>
					<value><![CDATA[${key.GUI_MODULE_ADMIN_TOOL_GROUP_0}]]></value>
				</property>
				<property>
					<name>NavPos</name>
					<value><![CDATA[3.5]]></value>
				</property>
				<property>
					<name>NavText</name>
					<value><![CDATA[${key.GUI_ADD_RESOURCE_TYPE_ADMIN_TOOL_NAME_0}]]></value>
				</property>
				<property>
					<name>Title</name>
					<value><![CDATA[Add resource type]]></value>
				</property>
				<property>
					<name>admintoolhandler-args</name>
					<value><![CDATA[params:module=${param.module}&action=initial|path:/modules/edit/addtype]]></value>
				</property>
				<property>
					<name>admintoolhandler-class</name>
					<value><![CDATA[org.opencms.workplace.tools.modules.CmsModulesToolHandler]]></value>
				</property>
				<property type="shared">
					<name>export</name>
					<value><![CDATA[false]]></value>
				</property>
			</properties>
			<relations/>
			<accesscontrol/>
		</file>
		<file>
			<source>system/workplace/admin/modules/modules_clone.jsp</source>
			<destination>system/workplace/admin/modules/modules_clone.jsp</destination>
			<type>jsp</type>
			<uuidstructure>fa227343-9f7c-41dc-a3a2-524068d4fff6</uuidstructure>
			<uuidresource>95b6f4cd-252f-45af-b84a-45596500579c</uuidresource>
			<datecreated>Thu, 27 Jun 2013 08:00:00 GMT</datecreated>
			<flags>0</flags>
			<properties>
				<property>
					<name>Description</name>
					<value><![CDATA[${key.GUI_CLONEMODULE_ADMIN_TOOL_HELP_0}]]></value>
				</property>
				<property>
					<name>NavImage</name>
					<value><![CDATA[tools/modules/icons/big/module_clone.png]]></value>
				</property>
				<property>
					<name>NavInfo</name>
					<value><![CDATA[${key.GUI_MODULE_ADMIN_TOOL_GROUP_0}]]></value>
				</property>
				<property>
					<name>NavPos</name>
					<value><![CDATA[3]]></value>
				</property>
				<property>
					<name>NavText</name>
					<value><![CDATA[${key.GUI_CLONEMODULE_ADMIN_TOOL_NAME_0}]]></value>
				</property>
				<property>
					<name>Title</name>
					<value><![CDATA[Clone module]]></value>
				</property>
				<property>
					<name>admintoolhandler-args</name>
					<value><![CDATA[params:module=${param.module}|path:/modules/edit/clonemodule]]></value>
				</property>
				<property>
					<name>admintoolhandler-class</name>
					<value><![CDATA[org.opencms.workplace.tools.modules.CmsModulesToolHandler]]></value>
				</property>
				<property>
					<name>export</name>
					<value><![CDATA[false]]></value>
				</property>
			</properties>
			<relations/>
			<accesscontrol/>
		</file>
		<file>
			<source>system/workplace/admin/modules/modules_delete.jsp</source>
			<destination>system/workplace/admin/modules/modules_delete.jsp</destination>
			<type>jsp</type>
			<uuidstructure>d72ba27c-11b7-11db-91cd-fdbae480bac9</uuidstructure>
			<uuidresource>9bc2b3a3-d9b0-11d9-ba5c-6f6c98ba0933</uuidresource>
			<datecreated>Mon, 27 Jun 2005 08:00:00 GMT</datecreated>
			<flags>0</flags>
			<properties>
				<property>
					<name>Description</name>
					<value><![CDATA[${key.GUI_DELETEMODULE_ADMIN_TOOL_HELP_0}]]></value>
				</property>
				<property>
					<name>NavImage</name>
					<value><![CDATA[tools/modules/icons/big/module_delete.png]]></value>
				</property>
				<property>
					<name>NavInfo</name>
					<value><![CDATA[${key.GUI_MODULE_ADMIN_TOOL_GROUP_0}]]></value>
				</property>
				<property>
					<name>NavPos</name>
					<value><![CDATA[7]]></value>
				</property>
				<property>
					<name>NavText</name>
					<value><![CDATA[${key.GUI_DELETEMODULE_ADMIN_TOOL_NAME_0}]]></value>
				</property>
				<property>
					<name>Title</name>
					<value><![CDATA[Delete Module]]></value>
				</property>
				<property>
					<name>admintoolhandler-args</name>
					<value><![CDATA[params:module=${param.module}&style=new&action=initial|path:/modules/edit/delete]]></value>
				</property>
				<property>
					<name>admintoolhandler-class</name>
					<value><![CDATA[org.opencms.workplace.tools.modules.CmsModulesToolHandler]]></value>
				</property>
			</properties>
			<relations/>
			<accesscontrol/>
		</file>
		<file>
			<source>system/workplace/admin/modules/modules_edit.jsp</source>
			<destination>system/workplace/admin/modules/modules_edit.jsp</destination>
			<type>jsp</type>
			<uuidstructure>d72e1386-11b7-11db-91cd-fdbae480bac9</uuidstructure>
			<uuidresource>93110d4f-c7b0-11d9-93cd-8fa6905eb2f3</uuidresource>
			<datecreated>Mon, 27 Jun 2005 08:00:00 GMT</datecreated>
			<flags>0</flags>
			<properties>
				<property>
					<name>Description</name>
					<value><![CDATA[${key.GUI_EDITMODULE_ADMIN_TOOL_HELP_0}]]></value>
				</property>
				<property>
					<name>NavImage</name>
					<value><![CDATA[tools/modules/icons/big/module_edit.png]]></value>
				</property>
				<property>
					<name>NavInfo</name>
					<value><![CDATA[${key.GUI_MODULE_ADMIN_TOOL_GROUP_0}]]></value>
				</property>
				<property>
					<name>NavPos</name>
					<value><![CDATA[1]]></value>
				</property>
				<property>
					<name>NavText</name>
					<value><![CDATA[${key.GUI_EDITMODULE_ADMIN_TOOL_NAME_0}]]></value>
				</property>
				<property>
					<name>Title</name>
					<value><![CDATA[Edit module]]></value>
				</property>
				<property>
					<name>admintoolhandler-args</name>
					<value><![CDATA[params:module=${param.module}&action=initial|path:/modules/edit/edit]]></value>
				</property>
				<property>
					<name>admintoolhandler-class</name>
					<value><![CDATA[org.opencms.workplace.tools.modules.CmsModulesToolHandler]]></value>
				</property>
				<property>
					<name>export</name>
					<value><![CDATA[false]]></value>
				</property>
			</properties>
			<relations/>
			<accesscontrol/>
		</file>
		<file>
			<source>system/workplace/admin/modules/modules_edit_parameters.jsp</source>
			<destination>system/workplace/admin/modules/modules_edit_parameters.jsp</destination>
			<type>jsp</type>
			<uuidstructure>d732ce81-11b7-11db-91cd-fdbae480bac9</uuidstructure>
			<uuidresource>563379bf-d8e3-11d9-a1eb-bfc671789551</uuidresource>
			<datecreated>Mon, 27 Jun 2005 08:00:00 GMT</datecreated>
			<flags>0</flags>
			<properties>
				<property>
					<name>Description</name>
					<value><![CDATA[${key.GUI_EDITMODULEPARAMETERS_ADMIN_TOOL_HELP_0}]]></value>
				</property>
				<property>
					<name>NavImage</name>
					<value><![CDATA[tools/modules/icons/big/module_parameters.png]]></value>
				</property>
				<property>
					<name>NavInfo</name>
					<value><![CDATA[${key.GUI_MODULE_ADMIN_TOOL_GROUP_0}]]></value>
				</property>
				<property>
					<name>NavPos</name>
					<value><![CDATA[3]]></value>
				</property>
				<property>
					<name>NavText</name>
					<value><![CDATA[${key.GUI_EDITMODULEPARAMETERS_ADMIN_TOOL_NAME_0}]]></value>
				</property>
				<property>
					<name>Title</name>
					<value><![CDATA[Edit module parameters]]></value>
				</property>
				<property>
					<name>admintoolhandler-args</name>
					<value><![CDATA[params:module=${param.module}|path:/modules/edit/editparameters]]></value>
				</property>
				<property>
					<name>admintoolhandler-class</name>
					<value><![CDATA[org.opencms.workplace.tools.modules.CmsModulesToolHandler]]></value>
				</property>
				<property>
					<name>export</name>
					<value><![CDATA[false]]></value>
				</property>
			</properties>
			<relations/>
			<accesscontrol/>
		</file>
		<file>
			<source>system/workplace/admin/modules/modules_edit_resources.jsp</source>
			<destination>system/workplace/admin/modules/modules_edit_resources.jsp</destination>
			<type>jsp</type>
			<uuidstructure>d737b08c-11b7-11db-91cd-fdbae480bac9</uuidstructure>
			<uuidresource>7aa2691d-d8e3-11d9-a1eb-bfc671789551</uuidresource>
			<datecreated>Mon, 27 Jun 2005 08:00:00 GMT</datecreated>
			<flags>0</flags>
			<properties>
				<property>
					<name>Description</name>
					<value><![CDATA[${key.GUI_EDITMODULERESOURCES_ADMIN_TOOL_HELP_0}]]></value>
				</property>
				<property>
					<name>NavImage</name>
					<value><![CDATA[tools/modules/icons/big/module_resources.png]]></value>
				</property>
				<property>
					<name>NavInfo</name>
					<value><![CDATA[${key.GUI_MODULE_ADMIN_TOOL_GROUP_0}]]></value>
				</property>
				<property>
					<name>NavPos</name>
					<value><![CDATA[2]]></value>
				</property>
				<property>
					<name>NavText</name>
					<value><![CDATA[${key.GUI_EDITMODULERESOURCES_ADMIN_TOOL_NAME_0}]]></value>
				</property>
				<property>
					<name>Title</name>
					<value><![CDATA[Edit module resources]]></value>
				</property>
				<property>
					<name>admintoolhandler-args</name>
					<value><![CDATA[params:module=${param.module}|path:/modules/edit/editresources]]></value>
				</property>
				<property>
					<name>admintoolhandler-class</name>
					<value><![CDATA[org.opencms.workplace.tools.modules.CmsModulesToolHandler]]></value>
				</property>
				<property>
					<name>export</name>
					<value><![CDATA[false]]></value>
				</property>
			</properties>
			<relations/>
			<accesscontrol/>
		</file>
		<file>
			<source>system/workplace/admin/modules/modules_export.jsp</source>
			<destination>system/workplace/admin/modules/modules_export.jsp</destination>
			<type>jsp</type>
			<uuidstructure>d739fa87-11b7-11db-91cd-fdbae480bac9</uuidstructure>
			<uuidresource>2f789de2-cba0-11d9-a301-218dc7aa42ee</uuidresource>
			<datecreated>Mon, 27 Jun 2005 08:00:00 GMT</datecreated>
			<flags>0</flags>
			<properties>
				<property>
					<name>Description</name>
					<value><![CDATA[${key.GUI_EXPORTMODULE_ADMIN_TOOL_HELP_0}]]></value>
				</property>
				<property>
					<name>NavImage</name>
					<value><![CDATA[tools/modules/icons/big/module_export.png]]></value>
				</property>
				<property>
					<name>NavInfo</name>
					<value><![CDATA[${key.GUI_MODULE_ADMIN_TOOL_GROUP_0}]]></value>
				</property>
				<property>
					<name>NavPos</name>
					<value><![CDATA[6]]></value>
				</property>
				<property>
					<name>NavText</name>
					<value><![CDATA[${key.GUI_EXPORTMODULE_ADMIN_TOOL_NAME_0}]]></value>
				</property>
				<property>
					<name>Title</name>
					<value><![CDATA[Report for exporting modules]]></value>
				</property>
				<property>
					<name>admintoolhandler-args</name>
					<value><![CDATA[params:module=${param.module}&style=new&action=initial|path:/modules/edit/export]]></value>
				</property>
				<property>
					<name>admintoolhandler-class</name>
					<value><![CDATA[org.opencms.workplace.tools.modules.CmsModulesToolHandler]]></value>
				</property>
				<property>
					<name>export</name>
					<value><![CDATA[false]]></value>
				</property>
			</properties>
			<relations/>
			<accesscontrol/>
		</file>
		<file>
			<source>system/workplace/admin/modules/modules_import.jsp</source>
			<destination>system/workplace/admin/modules/modules_import.jsp</destination>
			<type>jsp</type>
			<uuidstructure>d73eb582-11b7-11db-91cd-fdbae480bac9</uuidstructure>
			<uuidresource>21ec5535-d742-11d9-ae08-d995bfb3ec20</uuidresource>
			<datecreated>Mon, 27 Jun 2005 08:00:00 GMT</datecreated>
			<flags>0</flags>
			<properties>
				<property>
					<name>Description</name>
					<value><![CDATA[${key.GUI_IMPORTMODULE_ADMIN_TOOL_HELP_0}]]></value>
				</property>
				<property>
					<name>NavImage</name>
					<value><![CDATA[tools/modules/icons/big/module_import_http.png]]></value>
				</property>
				<property>
					<name>NavInfo</name>
					<value><![CDATA[${key.GUI_MODULE_ADMIN_TOOL_GROUP_0}]]></value>
				</property>
				<property>
					<name>NavPos</name>
					<value><![CDATA[4.5]]></value>
				</property>
				<property>
					<name>NavText</name>
					<value><![CDATA[${key.GUI_IMPORTMODULE_ADMIN_TOOL_NAME_0}]]></value>
				</property>
				<property>
					<name>Title</name>
					<value><![CDATA[Import from local computer]]></value>
				</property>
				<property>
					<name>admintoolhandler-class</name>
					<value><![CDATA[org.opencms.workplace.tools.modules.CmsModulesToolHandler]]></value>
				</property>
				<property>
					<name>export</name>
					<value><![CDATA[false]]></value>
				</property>
			</properties>
			<relations/>
			<accesscontrol/>
		</file>
		<file>
			<source>system/workplace/admin/modules/modules_import_server.jsp</source>
			<destination>system/workplace/admin/modules/modules_import_server.jsp</destination>
			<type>jsp</type>
			<uuidstructure>d741268c-11b7-11db-91cd-fdbae480bac9</uuidstructure>
			<uuidresource>e41c82b6-d741-11d9-ae08-d995bfb3ec20</uuidresource>
			<datecreated>Mon, 27 Jun 2005 08:00:00 GMT</datecreated>
			<flags>0</flags>
			<properties>
				<property>
					<name>Description</name>
					<value><![CDATA[${key.GUI_IMPORTMODULESERVER_ADMIN_TOOL_HELP_0}]]></value>
				</property>
				<property>
					<name>NavImage</name>
					<value><![CDATA[tools/modules/icons/big/module_import_server.png]]></value>
				</property>
				<property>
					<name>NavInfo</name>
					<value><![CDATA[${key.GUI_MODULE_ADMIN_TOOL_GROUP_0}]]></value>
				</property>
				<property>
					<name>NavPos</name>
					<value><![CDATA[4]]></value>
				</property>
				<property>
					<name>NavText</name>
					<value><![CDATA[${key.GUI_IMPORTMODULESERVER_ADMIN_TOOL_NAME_0}]]></value>
				</property>
				<property>
					<name>Title</name>
					<value><![CDATA[Import Module from Server]]></value>
				</property>
				<property>
					<name>admintoolhandler-class</name>
					<value><![CDATA[org.opencms.workplace.tools.modules.CmsModulesToolHandler]]></value>
				</property>
				<property>
					<name>export</name>
					<value><![CDATA[false]]></value>
				</property>
			</properties>
			<relations/>
			<accesscontrol/>
		</file>
		<file>
			<source>system/workplace/admin/modules/modules_new.jsp</source>
			<destination>system/workplace/admin/modules/modules_new.jsp</destination>
			<type>jsp</type>
			<uuidstructure>d7439796-11b7-11db-91cd-fdbae480bac9</uuidstructure>
			<uuidresource>45166370-d754-11d9-9d80-d995bfb3ec20</uuidresource>
			<datecreated>Mon, 27 Jun 2005 08:00:00 GMT</datecreated>
			<flags>0</flags>
			<properties>
				<property>
					<name>Description</name>
					<value><![CDATA[${key.GUI_NEWMODULE_ADMIN_TOOL_HELP_0}]]></value>
				</property>
				<property>
					<name>NavImage</name>
					<value><![CDATA[tools/modules/icons/big/module_add.png]]></value>
				</property>
				<property>
					<name>NavInfo</name>
					<value><![CDATA[${key.GUI_MODULE_ADMIN_TOOL_GROUP_0}]]></value>
				</property>
				<property>
					<name>NavPos</name>
					<value><![CDATA[1]]></value>
				</property>
				<property>
					<name>NavText</name>
					<value><![CDATA[${key.GUI_NEWMODULE_ADMIN_TOOL_NAME_0}]]></value>
				</property>
				<property>
					<name>Title</name>
					<value><![CDATA[New module]]></value>
				</property>
				<property>
					<name>admintoolhandler-args</name>
					<value><![CDATA[params:module=${param.module}&action=initial]]></value>
				</property>
				<property>
					<name>admintoolhandler-class</name>
					<value><![CDATA[org.opencms.workplace.tools.modules.CmsModulesToolHandler]]></value>
				</property>
				<property>
					<name>export</name>
					<value><![CDATA[false]]></value>
				</property>
			</properties>
			<relations/>
			<accesscontrol/>
		</file>
		<file>
			<source>system/workplace/admin/modules/modules_overview.jsp</source>
			<destination>system/workplace/admin/modules/modules_overview.jsp</destination>
			<type>jsp</type>
			<uuidstructure>d7485291-11b7-11db-91cd-fdbae480bac9</uuidstructure>
			<uuidresource>b36b567e-d664-11d9-97a9-d37c396b7f8d</uuidresource>
			<datecreated>Mon, 27 Jun 2005 08:00:00 GMT</datecreated>
			<flags>0</flags>
			<properties>
				<property>
					<name>Description</name>
					<value><![CDATA[${key.GUI_EDITMODULE_ADMIN_TOOL_HELP_0}]]></value>
				</property>
				<property>
					<name>NavInfo</name>
					<value><![CDATA[${key.GUI_MODULE_ADMIN_TOOL_GROUP_0}]]></value>
				</property>
				<property>
					<name>NavPos</name>
					<value><![CDATA[2]]></value>
				</property>
				<property>
					<name>NavText</name>
					<value><![CDATA[${key.GUI_EDITMODULE_ADMIN_TOOL_NAME_0}]]></value>
				</property>
				<property>
					<name>Title</name>
					<value><![CDATA[Overview moduledata]]></value>
				</property>
				<property>
					<name>admintoolhandler-args</name>
					<value><![CDATA[params:module=${param.module}&action=initial|path:/modules/edit]]></value>
				</property>
				<property>
					<name>admintoolhandler-class</name>
					<value><![CDATA[org.opencms.workplace.tools.CmsInvisibleToolHandler]]></value>
				</property>
				<property>
					<name>export</name>
					<value><![CDATA[false]]></value>
				</property>
			</properties>
			<relations/>
			<accesscontrol/>
		</file>
		<file>
			<destination>system/workplace/admin/modules/reports</destination>
			<type>folder</type>
			<properties/>
		</file>
		<file>
			<source>system/workplace/admin/modules/reports/delete.jsp</source>
			<destination>system/workplace/admin/modules/reports/delete.jsp</destination>
			<type>jsp</type>
			<uuidstructure>d74d0d8e-11b7-11db-91cd-fdbae480bac9</uuidstructure>
			<uuidresource>ac82abe0-c933-11d9-969b-8fa6905eb2f3</uuidresource>
			<datecreated>Mon, 27 Jun 2005 08:00:00 GMT</datecreated>
			<flags>0</flags>
			<properties>
				<property>
					<name>Title</name>
					<value><![CDATA[Report for deleting modules]]></value>
				</property>
				<property>
					<name>export</name>
					<value><![CDATA[false]]></value>
				</property>
			</properties>
			<relations/>
			<accesscontrol/>
		</file>
		<file>
			<destination>system/workplace/admin/modules/reports/export.jsp</destination>
			<type>jsp</type>
			<uuidstructure>d74f7e92-11b7-11db-91cd-fdbae480bac9</uuidstructure>
			<uuidresource>2f789de2-cba0-11d9-a301-218dc7aa42ee</uuidresource>
			<datecreated>Mon, 27 Jun 2005 08:00:00 GMT</datecreated>
			<flags>0</flags>
			<properties>
				<property>
					<name>Title</name>
					<value><![CDATA[Report for exporting modules]]></value>
				</property>
				<property>
					<name>export</name>
					<value><![CDATA[false]]></value>
				</property>
			</properties>
			<relations/>
			<accesscontrol/>
		</file>
		<file>
			<source>system/workplace/admin/modules/reports/import.jsp</source>
			<destination>system/workplace/admin/modules/reports/import.jsp</destination>
			<type>jsp</type>
			<uuidstructure>d751c885-11b7-11db-91cd-fdbae480bac9</uuidstructure>
			<uuidresource>a84841c9-cc39-11d9-bf12-218dc7aa42ee</uuidresource>
			<datecreated>Mon, 27 Jun 2005 08:00:00 GMT</datecreated>
			<flags>0</flags>
			<properties>
				<property>
					<name>Title</name>
					<value><![CDATA[Report for import modules]]></value>
				</property>
				<property>
					<name>export</name>
					<value><![CDATA[false]]></value>
				</property>
			</properties>
			<relations/>
			<accesscontrol/>
		</file>
		<file>
			<source>system/workplace/admin/modules/reports/replace.jsp</source>
			<destination>system/workplace/admin/modules/reports/replace.jsp</destination>
			<type>jsp</type>
			<uuidstructure>d7543989-11b7-11db-91cd-fdbae480bac9</uuidstructure>
			<uuidresource>74c1a615-cc53-11d9-8042-218dc7aa42ee</uuidresource>
			<datecreated>Mon, 27 Jun 2005 08:00:00 GMT</datecreated>
			<flags>0</flags>
			<properties>
				<property>
					<name>Title</name>
					<value><![CDATA[Report for replacing modules]]></value>
				</property>
				<property>
					<name>export</name>
					<value><![CDATA[false]]></value>
				</property>
			</properties>
			<relations/>
			<accesscontrol/>
		</file>
		<file>
			<destination>system/workplace/resources</destination>
			<type>folder</type>
			<properties/>
		</file>
		<file>
			<destination>system/workplace/resources/tools</destination>
			<type>folder</type>
			<properties/>
		</file>
		<file>
			<destination>system/workplace/resources/tools/modules</destination>
			<type>folder</type>
			<properties/>
		</file>
		<file>
			<destination>system/workplace/resources/tools/modules/buttons</destination>
			<type>folder</type>
			<properties/>
		</file>
		<file>
			<source>system/workplace/resources/tools/modules/buttons/contextinfo.gif</source>
			<destination>system/workplace/resources/tools/modules/buttons/contextinfo.gif</destination>
			<type>image</type>
			<uuidstructure>d7f66d03-11b7-11db-91cd-fdbae480bac9</uuidstructure>
			<uuidresource>9f6c711d-c79c-11d9-affe-8fa6905eb2f3</uuidresource>
			<datecreated>Mon, 27 Jun 2005 08:00:00 GMT</datecreated>
			<flags>0</flags>
			<properties>
				<property type="shared">
					<name>image.size</name>
					<value><![CDATA[w:20,h:20]]></value>
				</property>
			</properties>
			<relations/>
			<accesscontrol/>
		</file>
		<file>
			<source>system/workplace/resources/tools/modules/buttons/export.png</source>
			<destination>system/workplace/resources/tools/modules/buttons/export.png</destination>
			<type>image</type>
			<uuidstructure>d7fb27f6-11b7-11db-91cd-fdbae480bac9</uuidstructure>
			<uuidresource>34f4a4e8-d43a-11d9-8118-a1a762e70bd3</uuidresource>
			<datecreated>Mon, 27 Jun 2005 08:00:00 GMT</datecreated>
			<flags>0</flags>
			<properties>
				<property type="shared">
					<name>image.size</name>
					<value><![CDATA[w:20,h:20]]></value>
				</property>
			</properties>
			<relations/>
			<accesscontrol/>
		</file>
		<file>
			<source>system/workplace/resources/tools/modules/buttons/module_dependencies.png</source>
			<destination>system/workplace/resources/tools/modules/buttons/module_dependencies.png</destination>
			<type>image</type>
			<uuidstructure>d7ffe2e9-11b7-11db-91cd-fdbae480bac9</uuidstructure>
			<uuidresource>50f9984f-d9ab-11d9-82d6-6f6c98ba0933</uuidresource>
			<datecreated>Mon, 27 Jun 2005 08:00:00 GMT</datecreated>
			<flags>0</flags>
			<properties>
				<property type="shared">
					<name>image.size</name>
					<value><![CDATA[w:20,h:20]]></value>
				</property>
			</properties>
			<relations/>
			<accesscontrol/>
		</file>
		<file>
			<source>system/workplace/resources/tools/modules/buttons/module_exportpoints.png</source>
			<destination>system/workplace/resources/tools/modules/buttons/module_exportpoints.png</destination>
			<type>image</type>
			<uuidstructure>d8049ddc-11b7-11db-91cd-fdbae480bac9</uuidstructure>
			<uuidresource>5100c442-d9ab-11d9-82d6-6f6c98ba0933</uuidresource>
			<datecreated>Mon, 27 Jun 2005 08:00:00 GMT</datecreated>
			<flags>0</flags>
			<properties>
				<property type="shared">
					<name>image.size</name>
					<value><![CDATA[w:20,h:20]]></value>
				</property>
			</properties>
			<relations/>
			<accesscontrol/>
		</file>
		<file>
			<source>system/workplace/resources/tools/modules/buttons/modules.png</source>
			<destination>system/workplace/resources/tools/modules/buttons/modules.png</destination>
			<type>image</type>
			<uuidstructure>d8097fdf-11b7-11db-91cd-fdbae480bac9</uuidstructure>
			<uuidresource>3b10ab8b-d43a-11d9-8118-a1a762e70bd3</uuidresource>
			<datecreated>Mon, 27 Jun 2005 08:00:00 GMT</datecreated>
			<flags>0</flags>
			<properties>
				<property type="shared">
					<name>image.size</name>
					<value><![CDATA[w:20,h:20]]></value>
				</property>
			</properties>
			<relations/>
			<accesscontrol/>
		</file>
		<file>
			<destination>system/workplace/resources/tools/modules/icons</destination>
			<type>folder</type>
			<properties/>
		</file>
		<file>
			<destination>system/workplace/resources/tools/modules/icons/big</destination>
			<type>folder</type>
			<properties/>
		</file>
		<file>
			<source>system/workplace/resources/tools/modules/icons/big/module_add.png</source>
			<destination>system/workplace/resources/tools/modules/icons/big/module_add.png</destination>
			<type>image</type>
			<uuidstructure>d81566c6-11b7-11db-91cd-fdbae480bac9</uuidstructure>
			<uuidresource>d78ff3db-d439-11d9-8118-a1a762e70bd3</uuidresource>
			<datecreated>Mon, 27 Jun 2005 08:00:00 GMT</datecreated>
			<flags>0</flags>
			<properties>
				<property type="shared">
					<name>image.size</name>
					<value><![CDATA[w:32,h:32]]></value>
				</property>
			</properties>
			<relations/>
			<accesscontrol/>
		</file>
		<file>
			<source>system/workplace/resources/tools/modules/icons/big/module_add_restype.png</source>
			<destination>system/workplace/resources/tools/modules/icons/big/module_add_restype.png</destination>
			<type>image</type>
			<uuidstructure>67690119-8da2-11e3-a497-094876801169</uuidstructure>
			<uuidresource>6769011a-8da2-11e3-a497-094876801169</uuidresource>
			<datecreated>Tue, 04 Feb 2014 13:44:01 GMT</datecreated>
			<flags>0</flags>
			<properties>
				<property>
					<name>Title</name>
					<value><![CDATA[module_add_restype]]></value>
				</property>
				<property type="shared">
					<name>image.size</name>
					<value><![CDATA[w:32,h:32]]></value>
				</property>
			</properties>
			<relations/>
			<accesscontrol/>
		</file>
		<file>
			<source>system/workplace/resources/tools/modules/icons/big/module_clone.png</source>
			<destination>system/workplace/resources/tools/modules/icons/big/module_clone.png</destination>
			<type>image</type>
			<uuidstructure>ccbff2ee-9dab-420b-92fd-7abe32ae10a4</uuidstructure>
			<uuidresource>52706ce8-a6e2-4097-9d2e-6e8d2ca89397</uuidresource>
			<datecreated>Mon, 27 Jun 2005 08:00:00 GMT</datecreated>
			<flags>0</flags>
			<properties>
				<property type="shared">
					<name>image.size</name>
					<value><![CDATA[w:32,h:32]]></value>
				</property>
			</properties>
			<relations/>
			<accesscontrol/>
		</file>
		<file>
			<source>system/workplace/resources/tools/modules/icons/big/module_delete.png</source>
			<destination>system/workplace/resources/tools/modules/icons/big/module_delete.png</destination>
			<type>image</type>
			<uuidstructure>d81a21b9-11b7-11db-91cd-fdbae480bac9</uuidstructure>
			<uuidresource>9791e654-d671-11d9-ad2a-d37c396b7f8d</uuidresource>
			<datecreated>Mon, 27 Jun 2005 08:00:00 GMT</datecreated>
			<flags>0</flags>
			<properties>
				<property type="shared">
					<name>image.size</name>
					<value><![CDATA[w:32,h:32]]></value>
				</property>
			</properties>
			<relations/>
			<accesscontrol/>
		</file>
		<file>
			<source>system/workplace/resources/tools/modules/icons/big/module_dependencies.png</source>
			<destination>system/workplace/resources/tools/modules/icons/big/module_dependencies.png</destination>
			<type>image</type>
			<uuidstructure>d81edcac-11b7-11db-91cd-fdbae480bac9</uuidstructure>
			<uuidresource>6a45ea26-d9a8-11d9-82d6-6f6c98ba0933</uuidresource>
			<datecreated>Mon, 27 Jun 2005 08:00:00 GMT</datecreated>
			<flags>0</flags>
			<properties>
				<property type="shared">
					<name>image.size</name>
					<value><![CDATA[w:32,h:32]]></value>
				</property>
			</properties>
			<relations/>
			<accesscontrol/>
		</file>
		<file>
			<source>system/workplace/resources/tools/modules/icons/big/module_dependencies_add.png</source>
			<destination>system/workplace/resources/tools/modules/icons/big/module_dependencies_add.png</destination>
			<type>image</type>
			<uuidstructure>d823979f-11b7-11db-91cd-fdbae480bac9</uuidstructure>
			<uuidresource>6a7f2299-d9a8-11d9-82d6-6f6c98ba0933</uuidresource>
			<datecreated>Mon, 27 Jun 2005 08:00:00 GMT</datecreated>
			<flags>0</flags>
			<properties>
				<property type="shared">
					<name>image.size</name>
					<value><![CDATA[w:32,h:32]]></value>
				</property>
			</properties>
			<relations/>
			<accesscontrol/>
		</file>
		<file>
			<source>system/workplace/resources/tools/modules/icons/big/module_edit.png</source>
			<destination>system/workplace/resources/tools/modules/icons/big/module_edit.png</destination>
			<type>image</type>
			<uuidstructure>d82608a2-11b7-11db-91cd-fdbae480bac9</uuidstructure>
			<uuidresource>d7b88a81-d439-11d9-8118-a1a762e70bd3</uuidresource>
			<datecreated>Mon, 27 Jun 2005 08:00:00 GMT</datecreated>
			<flags>0</flags>
			<properties>
				<property type="shared">
					<name>image.size</name>
					<value><![CDATA[w:32,h:32]]></value>
				</property>
			</properties>
			<relations/>
			<accesscontrol/>
		</file>
		<file>
			<source>system/workplace/resources/tools/modules/icons/big/module_export.png</source>
			<destination>system/workplace/resources/tools/modules/icons/big/module_export.png</destination>
			<type>image</type>
			<uuidstructure>d82879a5-11b7-11db-91cd-fdbae480bac9</uuidstructure>
			<uuidresource>905c05d2-d683-11d9-841b-d37c396b7f8d</uuidresource>
			<datecreated>Mon, 27 Jun 2005 08:00:00 GMT</datecreated>
			<flags>0</flags>
			<properties>
				<property type="shared">
					<name>image.size</name>
					<value><![CDATA[w:32,h:32]]></value>
				</property>
			</properties>
			<relations/>
			<accesscontrol/>
		</file>
		<file>
			<source>system/workplace/resources/tools/modules/icons/big/module_exportpoints.png</source>
			<destination>system/workplace/resources/tools/modules/icons/big/module_exportpoints.png</destination>
			<type>image</type>
			<uuidstructure>d82ac398-11b7-11db-91cd-fdbae480bac9</uuidstructure>
			<uuidresource>6a83dd8c-d9a8-11d9-82d6-6f6c98ba0933</uuidresource>
			<datecreated>Mon, 27 Jun 2005 08:00:00 GMT</datecreated>
			<flags>0</flags>
			<properties>
				<property type="shared">
					<name>image.size</name>
					<value><![CDATA[w:32,h:32]]></value>
				</property>
			</properties>
			<relations/>
			<accesscontrol/>
		</file>
		<file>
			<source>system/workplace/resources/tools/modules/icons/big/module_exportpoints_add.png</source>
			<destination>system/workplace/resources/tools/modules/icons/big/module_exportpoints_add.png</destination>
			<type>image</type>
			<uuidstructure>d82d349b-11b7-11db-91cd-fdbae480bac9</uuidstructure>
			<uuidresource>6a8b097f-d9a8-11d9-82d6-6f6c98ba0933</uuidresource>
			<datecreated>Mon, 27 Jun 2005 08:00:00 GMT</datecreated>
			<flags>0</flags>
			<properties>
				<property type="shared">
					<name>image.size</name>
					<value><![CDATA[w:32,h:32]]></value>
				</property>
			</properties>
			<relations/>
			<accesscontrol/>
		</file>
		<file>
			<source>system/workplace/resources/tools/modules/icons/big/module_import_http.png</source>
			<destination>system/workplace/resources/tools/modules/icons/big/module_import_http.png</destination>
			<type>image</type>
			<uuidstructure>d82fa59e-11b7-11db-91cd-fdbae480bac9</uuidstructure>
			<uuidresource>e6b67a1a-d980-11d9-b1c2-bfc671789551</uuidresource>
			<datecreated>Mon, 27 Jun 2005 08:00:00 GMT</datecreated>
			<flags>0</flags>
			<properties>
				<property type="shared">
					<name>image.size</name>
					<value><![CDATA[w:32,h:32]]></value>
				</property>
			</properties>
			<relations/>
			<accesscontrol/>
		</file>
		<file>
			<source>system/workplace/resources/tools/modules/icons/big/module_import_server.png</source>
			<destination>system/workplace/resources/tools/modules/icons/big/module_import_server.png</destination>
			<type>image</type>
			<uuidstructure>d831ef91-11b7-11db-91cd-fdbae480bac9</uuidstructure>
			<uuidresource>d7aeed8e-d439-11d9-8118-a1a762e70bd3</uuidresource>
			<datecreated>Mon, 27 Jun 2005 08:00:00 GMT</datecreated>
			<flags>0</flags>
			<properties>
				<property type="shared">
					<name>image.size</name>
					<value><![CDATA[w:32,h:32]]></value>
				</property>
			</properties>
			<relations/>
			<accesscontrol/>
		</file>
		<file>
			<source>system/workplace/resources/tools/modules/icons/big/module_parameters.png</source>
			<destination>system/workplace/resources/tools/modules/icons/big/module_parameters.png</destination>
			<type>image</type>
			<uuidstructure>d8346094-11b7-11db-91cd-fdbae480bac9</uuidstructure>
			<uuidresource>6a923572-d9a8-11d9-82d6-6f6c98ba0933</uuidresource>
			<datecreated>Mon, 27 Jun 2005 08:00:00 GMT</datecreated>
			<flags>0</flags>
			<properties>
				<property type="shared">
					<name>image.size</name>
					<value><![CDATA[w:32,h:32]]></value>
				</property>
			</properties>
			<relations/>
			<accesscontrol/>
		</file>
		<file>
			<source>system/workplace/resources/tools/modules/icons/big/module_resources.png</source>
			<destination>system/workplace/resources/tools/modules/icons/big/module_resources.png</destination>
			<type>image</type>
			<uuidstructure>d8391b87-11b7-11db-91cd-fdbae480bac9</uuidstructure>
			<uuidresource>6a996165-d9a8-11d9-82d6-6f6c98ba0933</uuidresource>
			<datecreated>Mon, 27 Jun 2005 08:00:00 GMT</datecreated>
			<flags>0</flags>
			<properties>
				<property type="shared">
					<name>image.size</name>
					<value><![CDATA[w:32,h:32]]></value>
				</property>
			</properties>
			<relations/>
			<accesscontrol/>
		</file>
		<file>
			<destination>system/workplace/resources/tools/modules/icons/big/modules.png</destination>
			<type>image</type>
			<uuidstructure>d83b8c8a-11b7-11db-91cd-fdbae480bac9</uuidstructure>
			<uuidresource>d7b88a81-d439-11d9-8118-a1a762e70bd3</uuidresource>
			<datecreated>Mon, 27 Jun 2005 08:00:00 GMT</datecreated>
			<flags>0</flags>
			<properties>
				<property type="shared">
					<name>image.size</name>
					<value><![CDATA[w:32,h:32]]></value>
				</property>
			</properties>
			<relations/>
			<accesscontrol/>
		</file>
		<file>
			<destination>system/workplace/resources/tools/modules/icons/small</destination>
			<type>folder</type>
			<properties/>
		</file>
		<file>
			<destination>system/workplace/resources/tools/modules/icons/small/module_dependencies.png</destination>
			<type>image</type>
			<uuidstructure>d840477d-11b7-11db-91cd-fdbae480bac9</uuidstructure>
			<uuidresource>50f9984f-d9ab-11d9-82d6-6f6c98ba0933</uuidresource>
			<datecreated>Mon, 27 Jun 2005 08:00:00 GMT</datecreated>
			<flags>0</flags>
			<properties>
				<property type="shared">
					<name>image.size</name>
					<value><![CDATA[w:20,h:20]]></value>
				</property>
			</properties>
			<relations/>
			<accesscontrol/>
		</file>
		<file>
			<destination>system/workplace/resources/tools/modules/icons/small/module_exportpoints.png</destination>
			<type>image</type>
			<uuidstructure>d840477e-11b7-11db-91cd-fdbae480bac9</uuidstructure>
			<uuidresource>5100c442-d9ab-11d9-82d6-6f6c98ba0933</uuidresource>
			<datecreated>Mon, 27 Jun 2005 08:00:00 GMT</datecreated>
			<flags>0</flags>
			<properties>
				<property type="shared">
					<name>image.size</name>
					<value><![CDATA[w:20,h:20]]></value>
				</property>
			</properties>
			<relations/>
			<accesscontrol/>
		</file>
		<file>
			<destination>system/workplace/resources/tools/modules/icons/small/modules.png</destination>
			<type>image</type>
			<uuidstructure>d842b87f-11b7-11db-91cd-fdbae480bac9</uuidstructure>
			<uuidresource>3b10ab8b-d43a-11d9-8118-a1a762e70bd3</uuidresource>
			<datecreated>Mon, 27 Jun 2005 08:00:00 GMT</datecreated>
			<flags>0</flags>
			<properties>
				<property type="shared">
					<name>image.size</name>
					<value><![CDATA[w:20,h:20]]></value>
				</property>
			</properties>
			<relations/>
			<accesscontrol/>
		</file>
	</files>
</export>