<?xml version="1.0" encoding="UTF-8"?>

<export>
	<info>
		<infoproject>Offline</infoproject>
		<export_version>10</export_version>
	</info>
	<module>
		<name>org.opencms.workplace.tools.publishqueue</name>
		<nicename><![CDATA[OpenCms Publish queue]]></nicename>
		<group>OpenCms Workplace</group>
		<class/>
		<export-mode name="reduced"/>
		<description><![CDATA[<p>This module contains the tools for view the OpenCms publish queue.</p>
<p><i>&copy; 2018 by Alkacon Software GmbH &amp; Co. KG (http://www.alkacon.com).</i></p>]]></description>
		<version>10.5.0</version>
		<authorname><![CDATA[Alkacon Software GmbH &amp; Co. KG]]></authorname>
		<authoremail><![CDATA[info@alkacon.com]]></authoremail>
		<datecreated/>
		<userinstalled/>
		<dateinstalled/>
		<dependencies>
			<dependency name="org.opencms.workplace" version="10.0.0"/>
			<dependency name="org.opencms.workplace.administration" version="10.0.0"/>
			<dependency name="org.opencms.workplace.explorer" version="10.0.0"/>
		</dependencies>
		<exportpoints/>
		<resources>
			<resource uri="/system/workplace/admin/publishqueue/"/>
			<resource uri="/system/workplace/resources/tools/publishqueue/"/>
			<resource uri="/system/workplace/explorer/publishqueue/"/>
		</resources>
		<excluderesources/>
		<parameters/>
	</module>
	<files>
		<file>
			<destination>system</destination>
			<type>folder</type>
			<properties/>
		</file>
		<file>
			<destination>system/workplace</destination>
			<type>folder</type>
			<properties/>
		</file>
		<file>
			<destination>system/workplace/admin</destination>
			<type>folder</type>
			<properties/>
		</file>
		<file>
			<destination>system/workplace/admin/publishqueue</destination>
			<type>folder</type>
			<uuidstructure>248813db-6ff5-11db-873f-bf6fa13020a5</uuidstructure>
			<datecreated>Thu, 09 Nov 2006 13:21:00 GMT</datecreated>
			<flags>0</flags>
			<properties>
				<property>
					<name>Description</name>
					<value><![CDATA[${key.GUI_PUBLISHQUEUE_ADMIN_TOOL_HELP_0}]]></value>
				</property>
				<property>
					<name>NavImage</name>
					<value><![CDATA[tools/publishqueue/icons/big/publish_queue.png:tools/publishqueue/icons/small/publish_queue.png]]></value>
				</property>
				<property>
					<name>NavInfo</name>
					<value><![CDATA[${key.GUI_PUBLISHQUEUE_ADMIN_TOOL_GROUP_0}]]></value>
				</property>
				<property>
					<name>NavPos</name>
					<value><![CDATA[35.0]]></value>
				</property>
				<property>
					<name>NavText</name>
					<value><![CDATA[${key.GUI_PUBLISHQUEUE_ADMIN_TOOL_NAME_0}]]></value>
				</property>
				<property>
					<name>Title</name>
					<value><![CDATA[Publish Queue]]></value>
				</property>
				<property>
					<name>admintoolhandler-class</name>
					<value><![CDATA[org.opencms.workplace.tools.CmsDefaultToolHandler]]></value>
				</property>
				<property>
					<name>default-file</name>
					<value><![CDATA[publishqueue.jsp]]></value>
				</property>
			</properties>
			<relations/>
			<accesscontrol/>
		</file>
		<file>
			<source>system/workplace/admin/publishqueue/publishqueue.jsp</source>
			<destination>system/workplace/admin/publishqueue/publishqueue.jsp</destination>
			<type>jsp</type>
			<uuidstructure>78d657c8-6db6-11db-9171-bf6fa13020a5</uuidstructure>
			<uuidresource>78d657c9-6db6-11db-9171-bf6fa13020a5</uuidresource>
			<datecreated>Mon, 06 Nov 2006 16:47:21 GMT</datecreated>
			<flags>0</flags>
			<properties>
				<property>
					<name>Description</name>
					<value><![CDATA[${key.GUI_PUBLISHQUEUE_ADMIN_TOOL_HELP_0}]]></value>
				</property>
				<property>
					<name>NavImage</name>
					<value><![CDATA[buttons/publish_queue.png]]></value>
				</property>
				<property>
					<name>NavInfo</name>
					<value><![CDATA[${key.GUI_PUBLISHQUEUE_ADMIN_TOOL_GROUP_0}]]></value>
				</property>
				<property>
					<name>NavText</name>
					<value><![CDATA[${key.GUI_PUBLISHQUEUE_ADMIN_TOOL_NAVBARNAME_0}:${key.GUI_PUBLISHQUEUE_ADMIN_TOOL_NAVBARNAME_0}]]></value>
				</property>
				<property>
					<name>Title</name>
					<value><![CDATA[Publish queue]]></value>
				</property>
				<property>
					<name>admintoolhandler-args</name>
					<value><![CDATA[action=initial|path:/publishqueue]]></value>
				</property>
				<property>
					<name>export</name>
					<value><![CDATA[false]]></value>
				</property>
			</properties>
			<relations/>
			<accesscontrol/>
		</file>
		<file>
			<source>system/workplace/admin/publishqueue/publishreportlive.jsp</source>
			<destination>system/workplace/admin/publishqueue/publishreportlive.jsp</destination>
			<type>jsp</type>
			<uuidstructure>cfa0f835-797c-11db-b79b-9362e1ae9c5d</uuidstructure>
			<uuidresource>cfa0f836-797c-11db-b79b-9362e1ae9c5d</uuidresource>
			<datecreated>Tue, 21 Nov 2006 16:24:50 GMT</datecreated>
			<flags>0</flags>
			<properties>
				<property>
					<name>Description</name>
					<value><![CDATA[${key.GUI_PUBLISHQUEUE_LIVE_ADMIN_TOOL_HELP_0}]]></value>
				</property>
				<property>
					<name>NavInfo</name>
					<value><![CDATA[${key.GUI_PUBLISHQUEUE_LIVE_ADMIN_TOOL_GROUP_0}]]></value>
				</property>
				<property>
					<name>NavPos</name>
					<value><![CDATA[123]]></value>
				</property>
				<property>
					<name>NavText</name>
					<value><![CDATA[${key.GUI_PUBLISHQUEUE_LIVE_ADMIN_TOOL_NAME_0}]]></value>
				</property>
				<property>
					<name>Title</name>
					<value><![CDATA[Publish report live view]]></value>
				</property>
				<property>
					<name>admintoolhandler-args</name>
					<value><![CDATA[path:/publishqueue/live]]></value>
				</property>
				<property>
					<name>admintoolhandler-class</name>
					<value><![CDATA[org.opencms.workplace.tools.CmsInvisibleToolHandler]]></value>
				</property>
				<property type="shared">
					<name>export</name>
					<value><![CDATA[false]]></value>
				</property>
			</properties>
			<relations/>
			<accesscontrol/>
		</file>
		<file>
			<source>system/workplace/admin/publishqueue/publishreportshow.jsp</source>
			<destination>system/workplace/admin/publishqueue/publishreportshow.jsp</destination>
			<type>jsp</type>
			<uuidstructure>314cebe0-70ce-11db-9bff-bf6fa13020a5</uuidstructure>
			<uuidresource>314cebe1-70ce-11db-9bff-bf6fa13020a5</uuidresource>
			<datecreated>Fri, 10 Nov 2006 15:14:43 GMT</datecreated>
			<flags>0</flags>
			<properties>
				<property type="shared">
					<name>export</name>
					<value><![CDATA[false]]></value>
				</property>
			</properties>
			<relations/>
			<accesscontrol/>
		</file>
		<file>
			<source>system/workplace/admin/publishqueue/publishreportview.jsp</source>
			<destination>system/workplace/admin/publishqueue/publishreportview.jsp</destination>
			<type>jsp</type>
			<uuidstructure>f387ac04-709e-11db-9d60-bf6fa13020a5</uuidstructure>
			<uuidresource>f387ac05-709e-11db-9d60-bf6fa13020a5</uuidresource>
			<datecreated>Fri, 10 Nov 2006 09:36:33 GMT</datecreated>
			<flags>0</flags>
			<properties>
				<property>
					<name>Description</name>
					<value><![CDATA[${key.GUI_PUBLISHQUEUE_VIEW_ADMIN_TOOL_HELP_0}]]></value>
				</property>
				<property>
					<name>NavInfo</name>
					<value><![CDATA[${key.GUI_PUBLISHQUEUE_VIEW_ADMIN_TOOL_GROUP_0}]]></value>
				</property>
				<property>
					<name>NavText</name>
					<value><![CDATA[${key.GUI_PUBLISHQUEUE_VIEW_ADMIN_TOOL_NAME_0}:${key.GUI_PUBLISHQUEUE_VIEW_ADMIN_TOOL_NAVBARNAME_0}]]></value>
				</property>
				<property>
					<name>Title</name>
					<value><![CDATA[Publish report view]]></value>
				</property>
				<property>
					<name>admintoolhandler-args</name>
					<value><![CDATA[path:/publishqueue/view]]></value>
				</property>
				<property>
					<name>admintoolhandler-class</name>
					<value><![CDATA[org.opencms.workplace.tools.CmsInvisibleToolHandler]]></value>
				</property>
				<property type="shared">
					<name>export</name>
					<value><![CDATA[false]]></value>
				</property>
			</properties>
			<relations/>
			<accesscontrol/>
		</file>
		<file>
			<destination>system/workplace/explorer</destination>
			<type>folder</type>
			<properties/>
		</file>
		<file>
			<destination>system/workplace/explorer/publishqueue</destination>
			<type>folder</type>
			<uuidstructure>d74023ea-b854-11db-8fff-57d0fde741a5</uuidstructure>
			<datecreated>Fri, 09 Feb 2007 15:47:26 GMT</datecreated>
			<flags>0</flags>
			<properties>
				<property>
					<name>Description</name>
					<value><![CDATA[${key.GUI_PUBLISHQUEUE_ADMIN_TOOL_HELP_0}]]></value>
				</property>
				<property>
					<name>NavImage</name>
					<value><![CDATA[tools/publishqueue/icons/big/publish_queue.png:tools/publishqueue/icons/small/publish_queue.png]]></value>
				</property>
				<property>
					<name>NavInfo</name>
					<value><![CDATA[${key.GUI_PUBLISHQUEUE_ADMIN_TOOL_GROUP_0}]]></value>
				</property>
				<property>
					<name>NavPos</name>
					<value><![CDATA[15.0]]></value>
				</property>
				<property>
					<name>NavText</name>
					<value><![CDATA[${key.GUI_PUBLISHQUEUE_ADMIN_TOOL_NAME_0}]]></value>
				</property>
				<property>
					<name>Title</name>
					<value><![CDATA[Publish Queue]]></value>
				</property>
				<property>
					<name>admintoolhandler-class</name>
					<value><![CDATA[org.opencms.workplace.tools.CmsDefaultToolHandler]]></value>
				</property>
				<property>
					<name>default-file</name>
					<value><![CDATA[publishqueue.jsp]]></value>
				</property>
			</properties>
			<relations/>
			<accesscontrol/>
		</file>
		<file>
			<destination>system/workplace/explorer/publishqueue/publishqueue.jsp</destination>
			<type>jsp</type>
			<uuidstructure>d75336c4-b854-11db-8fff-57d0fde741a5</uuidstructure>
			<uuidresource>78d657c9-6db6-11db-9171-bf6fa13020a5</uuidresource>
			<datecreated>Mon, 06 Nov 2006 16:47:21 GMT</datecreated>
			<flags>0</flags>
			<properties>
				<property>
					<name>Description</name>
					<value><![CDATA[${key.GUI_PUBLISHQUEUE_ADMIN_TOOL_HELP_0}]]></value>
				</property>
				<property>
					<name>NavImage</name>
					<value><![CDATA[buttons/publish_queue.png]]></value>
				</property>
				<property>
					<name>NavInfo</name>
					<value><![CDATA[${key.GUI_PUBLISHQUEUE_ADMIN_TOOL_GROUP_0}]]></value>
				</property>
				<property>
					<name>NavText</name>
					<value><![CDATA[${key.GUI_PUBLISHQUEUE_ADMIN_TOOL_NAVBARNAME_0}:${key.GUI_PUBLISHQUEUE_ADMIN_TOOL_NAVBARNAME_0}]]></value>
				</property>
				<property>
					<name>Title</name>
					<value><![CDATA[Publish queue]]></value>
				</property>
				<property>
					<name>admintoolhandler-args</name>
					<value><![CDATA[action=initial|path:/publishqueue]]></value>
				</property>
				<property>
					<name>export</name>
					<value><![CDATA[false]]></value>
				</property>
			</properties>
			<relations/>
			<accesscontrol/>
		</file>
		<file>
			<destination>system/workplace/explorer/publishqueue/publishreportlive.jsp</destination>
			<type>jsp</type>
			<uuidstructure>d766499c-b854-11db-8fff-57d0fde741a5</uuidstructure>
			<uuidresource>cfa0f836-797c-11db-b79b-9362e1ae9c5d</uuidresource>
			<datecreated>Tue, 21 Nov 2006 16:24:50 GMT</datecreated>
			<flags>0</flags>
			<properties>
				<property>
					<name>Description</name>
					<value><![CDATA[${key.GUI_PUBLISHQUEUE_LIVE_ADMIN_TOOL_HELP_0}]]></value>
				</property>
				<property>
					<name>NavInfo</name>
					<value><![CDATA[${key.GUI_PUBLISHQUEUE_LIVE_ADMIN_TOOL_GROUP_0}]]></value>
				</property>
				<property>
					<name>NavPos</name>
					<value><![CDATA[123]]></value>
				</property>
				<property>
					<name>NavText</name>
					<value><![CDATA[${key.GUI_PUBLISHQUEUE_LIVE_ADMIN_TOOL_NAME_0}]]></value>
				</property>
				<property>
					<name>Title</name>
					<value><![CDATA[Publish report live view]]></value>
				</property>
				<property>
					<name>admintoolhandler-args</name>
					<value><![CDATA[path:/publishqueue/live]]></value>
				</property>
				<property>
					<name>admintoolhandler-class</name>
					<value><![CDATA[org.opencms.workplace.tools.CmsInvisibleToolHandler]]></value>
				</property>
				<property type="shared">
					<name>export</name>
					<value><![CDATA[false]]></value>
				</property>
			</properties>
			<relations/>
			<accesscontrol/>
		</file>
		<file>
			<destination>system/workplace/explorer/publishqueue/publishreportshow.jsp</destination>
			<type>jsp</type>
			<uuidstructure>d7771284-b854-11db-8fff-57d0fde741a5</uuidstructure>
			<uuidresource>314cebe1-70ce-11db-9bff-bf6fa13020a5</uuidresource>
			<datecreated>Fri, 10 Nov 2006 15:14:43 GMT</datecreated>
			<flags>0</flags>
			<properties>
				<property type="shared">
					<name>export</name>
					<value><![CDATA[false]]></value>
				</property>
			</properties>
			<relations/>
			<accesscontrol/>
		</file>
		<file>
			<destination>system/workplace/explorer/publishqueue/publishreportview.jsp</destination>
			<type>jsp</type>
			<uuidstructure>d782f965-b854-11db-8fff-57d0fde741a5</uuidstructure>
			<uuidresource>f387ac05-709e-11db-9d60-bf6fa13020a5</uuidresource>
			<datecreated>Fri, 10 Nov 2006 09:36:33 GMT</datecreated>
			<flags>0</flags>
			<properties>
				<property>
					<name>Description</name>
					<value><![CDATA[${key.GUI_PUBLISHQUEUE_VIEW_ADMIN_TOOL_HELP_0}]]></value>
				</property>
				<property>
					<name>NavInfo</name>
					<value><![CDATA[${key.GUI_PUBLISHQUEUE_VIEW_ADMIN_TOOL_GROUP_0}]]></value>
				</property>
				<property>
					<name>NavText</name>
					<value><![CDATA[${key.GUI_PUBLISHQUEUE_VIEW_ADMIN_TOOL_NAME_0}:${key.GUI_PUBLISHQUEUE_VIEW_ADMIN_TOOL_NAVBARNAME_0}]]></value>
				</property>
				<property>
					<name>Title</name>
					<value><![CDATA[Publish report view]]></value>
				</property>
				<property>
					<name>admintoolhandler-args</name>
					<value><![CDATA[path:/publishqueue/view]]></value>
				</property>
				<property>
					<name>admintoolhandler-class</name>
					<value><![CDATA[org.opencms.workplace.tools.CmsInvisibleToolHandler]]></value>
				</property>
				<property type="shared">
					<name>export</name>
					<value><![CDATA[false]]></value>
				</property>
			</properties>
			<relations/>
			<accesscontrol/>
		</file>
		<file>
			<destination>system/workplace/resources</destination>
			<type>folder</type>
			<properties/>
		</file>
		<file>
			<destination>system/workplace/resources/tools</destination>
			<type>folder</type>
			<properties/>
		</file>
		<file>
			<destination>system/workplace/resources/tools/publishqueue</destination>
			<type>folder</type>
			<uuidstructure>f6e524e9-6ffe-11db-9b0e-bf6fa13020a5</uuidstructure>
			<datecreated>Thu, 09 Nov 2006 14:31:19 GMT</datecreated>
			<flags>0</flags>
			<properties/>
			<relations/>
			<accesscontrol/>
		</file>
		<file>
			<destination>system/workplace/resources/tools/publishqueue/buttons</destination>
			<type>folder</type>
			<uuidstructure>fe1f48f3-7096-11db-942b-bf6fa13020a5</uuidstructure>
			<datecreated>Fri, 10 Nov 2006 08:39:34 GMT</datecreated>
			<flags>0</flags>
			<properties/>
			<relations/>
			<accesscontrol/>
		</file>
		<file>
			<source>system/workplace/resources/tools/publishqueue/buttons/cancel.png</source>
			<destination>system/workplace/resources/tools/publishqueue/buttons/cancel.png</destination>
			<type>image</type>
			<uuidstructure>fd3ae58a-7f9d-11db-a160-9362e1ae9c5d</uuidstructure>
			<uuidresource>fd3ae58b-7f9d-11db-a160-9362e1ae9c5d</uuidresource>
			<datecreated>Wed, 29 Nov 2006 11:37:27 GMT</datecreated>
			<flags>0</flags>
			<properties>
				<property type="shared">
					<name>image.size</name>
					<value><![CDATA[w:20,h:20]]></value>
				</property>
			</properties>
			<relations/>
			<accesscontrol/>
		</file>
		<file>
			<source>system/workplace/resources/tools/publishqueue/buttons/cancel_disabled.png</source>
			<destination>system/workplace/resources/tools/publishqueue/buttons/cancel_disabled.png</destination>
			<type>image</type>
			<uuidstructure>f4499444-7f9c-11db-a160-9362e1ae9c5d</uuidstructure>
			<uuidresource>f4499445-7f9c-11db-a160-9362e1ae9c5d</uuidresource>
			<datecreated>Wed, 29 Nov 2006 11:30:02 GMT</datecreated>
			<flags>0</flags>
			<properties>
				<property type="shared">
					<name>image.size</name>
					<value><![CDATA[w:20,h:20]]></value>
				</property>
			</properties>
			<relations/>
			<accesscontrol/>
		</file>
		<file>
			<source>system/workplace/resources/tools/publishqueue/buttons/publish_current.png</source>
			<destination>system/workplace/resources/tools/publishqueue/buttons/publish_current.png</destination>
			<type>image</type>
			<uuidstructure>dca7dc0e-73fd-11db-a471-bf6fa13020a5</uuidstructure>
			<uuidresource>dca7dc0f-73fd-11db-a471-bf6fa13020a5</uuidresource>
			<datecreated>Tue, 14 Nov 2006 16:33:30 GMT</datecreated>
			<flags>0</flags>
			<properties>
				<property type="shared">
					<name>image.size</name>
					<value><![CDATA[w:20,h:20]]></value>
				</property>
			</properties>
			<relations/>
			<accesscontrol/>
		</file>
		<file>
			<source>system/workplace/resources/tools/publishqueue/buttons/publish_current_disabled.png</source>
			<destination>system/workplace/resources/tools/publishqueue/buttons/publish_current_disabled.png</destination>
			<type>image</type>
			<uuidstructure>dca7dc3e-71fd-21db-a471-ba6fa1c02fa1</uuidstructure>
			<uuidresource>d2add10f-72ff-13db-a4e1-b16fa13b20a5</uuidresource>
			<datecreated>Tue, 14 Nov 2006 16:33:30 GMT</datecreated>
			<flags>0</flags>
			<properties>
				<property type="shared">
					<name>image.size</name>
					<value><![CDATA[w:20,h:20]]></value>
				</property>
			</properties>
			<relations/>
			<accesscontrol/>
		</file>
		<file>
			<source>system/workplace/resources/tools/publishqueue/buttons/publish_view.png</source>
			<destination>system/workplace/resources/tools/publishqueue/buttons/publish_view.png</destination>
			<type>image</type>
			<uuidstructure>35ed684d-6f41-11db-bd59-bf6fa13020a5</uuidstructure>
			<uuidresource>35ed684e-6f41-11db-bd59-bf6fa13020a5</uuidresource>
			<datecreated>Wed, 08 Nov 2006 15:53:00 GMT</datecreated>
			<flags>0</flags>
			<properties>
				<property type="shared">
					<name>image.size</name>
					<value><![CDATA[w:20,h:20]]></value>
				</property>
			</properties>
			<relations/>
			<accesscontrol/>
		</file>
		<file>
			<source>system/workplace/resources/tools/publishqueue/buttons/state_error.png</source>
			<destination>system/workplace/resources/tools/publishqueue/buttons/state_error.png</destination>
			<type>image</type>
			<uuidstructure>84f6fd55-5ba6-11dc-a63d-00096be67772</uuidstructure>
			<uuidresource>84f6fd56-5ba6-11dc-a63d-00096be67772</uuidresource>
			<datecreated>Wed, 05 Sep 2007 11:52:46 GMT</datecreated>
			<flags>0</flags>
			<properties>
				<property type="shared">
					<name>image.size</name>
					<value><![CDATA[w:20,h:20]]></value>
				</property>
			</properties>
			<relations/>
			<accesscontrol/>
		</file>
		<file>
			<source>system/workplace/resources/tools/publishqueue/buttons/state_ok.png</source>
			<destination>system/workplace/resources/tools/publishqueue/buttons/state_ok.png</destination>
			<type>image</type>
			<uuidstructure>846a4db1-5ba6-11dc-a63d-00096be67772</uuidstructure>
			<uuidresource>846a4db2-5ba6-11dc-a63d-00096be67772</uuidresource>
			<datecreated>Wed, 05 Sep 2007 11:52:45 GMT</datecreated>
			<flags>0</flags>
			<properties>
				<property type="shared">
					<name>image.size</name>
					<value><![CDATA[w:20,h:20]]></value>
				</property>
			</properties>
			<relations/>
			<accesscontrol/>
		</file>
		<file>
			<source>system/workplace/resources/tools/publishqueue/buttons/state_warning.png</source>
			<destination>system/workplace/resources/tools/publishqueue/buttons/state_warning.png</destination>
			<type>image</type>
			<uuidstructure>be8a1079-5ba6-11dc-a63d-00096be67772</uuidstructure>
			<uuidresource>be8a107a-5ba6-11dc-a63d-00096be67772</uuidresource>
			<datecreated>Wed, 05 Sep 2007 11:54:23 GMT</datecreated>
			<flags>0</flags>
			<properties>
				<property type="shared">
					<name>image.size</name>
					<value><![CDATA[w:16,h:16]]></value>
				</property>
			</properties>
			<relations/>
			<accesscontrol/>
		</file>
		<file>
			<destination>system/workplace/resources/tools/publishqueue/icons</destination>
			<type>folder</type>
			<uuidstructure>fe79ec2e-7096-11db-942b-bf6fa13020a5</uuidstructure>
			<datecreated>Fri, 10 Nov 2006 08:39:35 GMT</datecreated>
			<flags>0</flags>
			<properties/>
			<relations/>
			<accesscontrol/>
		</file>
		<file>
			<destination>system/workplace/resources/tools/publishqueue/icons/big</destination>
			<type>folder</type>
			<uuidstructure>fe7ea720-7096-11db-942b-bf6fa13020a5</uuidstructure>
			<datecreated>Fri, 10 Nov 2006 08:39:35 GMT</datecreated>
			<flags>0</flags>
			<properties/>
			<relations/>
			<accesscontrol/>
		</file>
		<file>
			<source>system/workplace/resources/tools/publishqueue/icons/big/publish_queue.png</source>
			<destination>system/workplace/resources/tools/publishqueue/icons/big/publish_queue.png</destination>
			<type>image</type>
			<uuidstructure>7bf322ea-72f4-11db-855f-bf6fa13020a5</uuidstructure>
			<uuidresource>7bf322eb-72f4-11db-855f-bf6fa13020a5</uuidresource>
			<datecreated>Mon, 13 Nov 2006 08:53:51 GMT</datecreated>
			<flags>0</flags>
			<properties>
				<property type="shared">
					<name>image.size</name>
					<value><![CDATA[w:32,h:32]]></value>
				</property>
			</properties>
			<relations/>
			<accesscontrol/>
		</file>
		<file>
			<source>system/workplace/resources/tools/publishqueue/icons/big/publish_queue_disabled.png</source>
			<destination>system/workplace/resources/tools/publishqueue/icons/big/publish_queue_disabled.png</destination>
			<type>image</type>
			<uuidstructure>39e10fb1-d310-11db-a74f-0195cffc70b7</uuidstructure>
			<uuidresource>39e10fb2-d310-11db-a74f-0195cffc70b7</uuidresource>
			<datecreated>Thu, 15 Mar 2007 16:14:18 GMT</datecreated>
			<flags>0</flags>
			<properties>
				<property type="shared">
					<name>image.size</name>
					<value><![CDATA[w:32,h:32]]></value>
				</property>
			</properties>
			<relations/>
			<accesscontrol/>
		</file>
		<file>
			<destination>system/workplace/resources/tools/publishqueue/icons/small</destination>
			<type>folder</type>
			<uuidstructure>fea4ccd6-7096-11db-942b-bf6fa13020a5</uuidstructure>
			<datecreated>Fri, 10 Nov 2006 08:39:35 GMT</datecreated>
			<flags>0</flags>
			<properties/>
			<relations/>
			<accesscontrol/>
		</file>
		<file>
			<source>system/workplace/resources/tools/publishqueue/icons/small/publish_queue.png</source>
			<destination>system/workplace/resources/tools/publishqueue/icons/small/publish_queue.png</destination>
			<type>image</type>
			<uuidstructure>ed2e6e92-7096-11db-942b-bf6fa13020a5</uuidstructure>
			<uuidresource>f3cc8825-6db4-11db-905e-bf6fa13020a5</uuidresource>
			<datecreated>Mon, 06 Nov 2006 16:36:29 GMT</datecreated>
			<flags>0</flags>
			<properties>
				<property type="shared">
					<name>image.size</name>
					<value><![CDATA[w:20,h:20]]></value>
				</property>
			</properties>
			<relations/>
			<accesscontrol/>
		</file>
		<file>
			<source>system/workplace/resources/tools/publishqueue/icons/small/publish_queue_disabled.png</source>
			<destination>system/workplace/resources/tools/publishqueue/icons/small/publish_queue_disabled.png</destination>
			<type>image</type>
			<uuidstructure>4c488488-d310-11db-a74f-0195cffc70b7</uuidstructure>
			<uuidresource>4c488489-d310-11db-a74f-0195cffc70b7</uuidresource>
			<datecreated>Thu, 15 Mar 2007 16:14:49 GMT</datecreated>
			<flags>0</flags>
			<properties>
				<property type="shared">
					<name>image.size</name>
					<value><![CDATA[w:20,h:20]]></value>
				</property>
			</properties>
			<relations/>
			<accesscontrol/>
		</file>
	</files>
</export>