<?xml version="1.0" encoding="UTF-8"?>

<ApolloContacts xmlns:xsi="http://www.w3.org/2001/XMLSchema-instance" xsi:noNamespaceSchemaLocation="opencms://system/modules/org.opencms.apollo/schemas/contact.xsd">
  <ApolloContact language="en">
    <Kind><![CDATA[person]]></Kind>
    <Organization><![CDATA[Markup Brewers Inc.]]></Organization>
    <Name>
      <Title><![CDATA[Dr.]]></Title>
      <FirstName><![CDATA[Jake]]></FirstName>
      <MiddleName><![CDATA[M.]]></MiddleName>
      <LastName><![CDATA[Pritchett III]]></LastName>
      <Suffix><![CDATA[Ph. D.]]></Suffix>
    </Name>
    <Position><![CDATA[CEO]]></Position>
    <Description name="Description0">
      <links/>
      <content><![CDATA[<p class="p1">Jake is a&nbsp;business leader who creates a vision, articulates the vision, and relentlessly drives it to completion.</p>]]></content>
    </Description>
    <Image>
      <Image>
        <link type="WEAK">
          <target><![CDATA[/sites/default/.galleries/people/32.jpg]]></target>
          <uuid>c390791b-6365-11e5-81df-0242ac11002b</uuid>
        </link>
      </Image>
    </Image>
    <Link>
      <Text><![CDATA[Team overview]]></Text>
      <URI>
        <link internal="true" type="WEAK">
          <target><![CDATA[/sites/default/apollo-demo/the-team/]]></target>
          <uuid>a3023c68-6079-11e5-9eef-0242ac11002b</uuid>
        </link>
      </URI>
    </Link>
    <Contact>
      <Address>
        <StreetAddress><![CDATA[Friesenstr. 64-66]]></StreetAddress>
        <PostalCode><![CDATA[50670]]></PostalCode>
        <Locality><![CDATA[Cologne]]></Locality>
      </Address>
      <Phone><![CDATA[+49 (221) 123-4567]]></Phone>
      <Mobile><![CDATA[+49 (176) 123-4567]]></Mobile>
      <Email>
        <Email><![CDATA[jake.m.pritchett@example.org]]></Email>
        <ObfuscateEmail>true</ObfuscateEmail>
      </Email>
    </Contact>
  </ApolloContact>
</ApolloContacts>
