<?xml version="1.0" encoding="UTF-8"?>

<ApolloContacts xmlns:xsi="http://www.w3.org/2001/XMLSchema-instance" xsi:noNamespaceSchemaLocation="opencms://system/modules/org.opencms.apollo/schemas/contact.xsd">
  <ApolloContact language="en">
    <Kind><![CDATA[person]]></Kind>
    <Organization><![CDATA[Hectic Hackers Inc.]]></Organization>
    <Name>
      <FirstName><![CDATA[Mitchell]]></FirstName>
      <LastName><![CDATA[Pritchett]]></LastName>
      <Suffix><![CDATA[M.A.]]></Suffix>
    </Name>
    <Position><![CDATA[Designer]]></Position>
    <Description name="Description0">
      <links/>
      <content><![CDATA[<p>Good design is making something intelligible and memorable. Great design is making something memorable and meaningful.</p>]]></content>
    </Description>
    <Image>
      <Image>
        <link type="WEAK">
          <target><![CDATA[/sites/default/.galleries/people/11.jpg]]></target>
          <uuid>af315050-4705-11e3-8417-000c29d28104</uuid>
        </link>
      </Image>
    </Image>
    <Link>
      <Text/>
      <URI>
        <link internal="true" type="WEAK">
          <target><![CDATA[/sites/default/apollo-demo/the-team/]]></target>
          <uuid>a3023c68-6079-11e5-9eef-0242ac11002b</uuid>
        </link>
      </URI>
    </Link>
    <Contact>
      <Address>
        <StreetAddress><![CDATA[Friesenstr. 64-66]]></StreetAddress>
        <PostalCode><![CDATA[50670]]></PostalCode>
        <Locality><![CDATA[Cologne]]></Locality>
      </Address>
      <Phone><![CDATA[+49 (221) 123-4567]]></Phone>
      <Mobile><![CDATA[+49 (170) 123-4567]]></Mobile>
      <Email>
        <Email><![CDATA[mitchell.pritchett@example.org]]></Email>
        <ObfuscateEmail>false</ObfuscateEmail>
      </Email>
    </Contact>
  </ApolloContact>
</ApolloContacts>
