<?xml version="1.0" encoding="UTF-8"?>

<ApolloContacts xmlns:xsi="http://www.w3.org/2001/XMLSchema-instance" xsi:noNamespaceSchemaLocation="opencms://system/modules/org.opencms.apollo/schemas/contact.xsd">
  <ApolloContact language="en">
    <Kind><![CDATA[person]]></Kind>
    <Organization><![CDATA[Critical Coders Corp.]]></Organization>
    <Name>
      <FirstName><![CDATA[Claire]]></FirstName>
      <LastName><![CDATA[Dunphy]]></LastName>
    </Name>
    <Position><![CDATA[Director HR]]></Position>
    <Image>
      <Image>
        <link type="WEAK">
          <target><![CDATA[/sites/default/.galleries/people/23.jpg]]></target>
          <uuid>c778a8d3-635d-11e5-81df-0242ac11002b</uuid>
        </link>
      </Image>
    </Image>
    <Link>
      <Text><![CDATA[Team overview]]></Text>
      <URI>
        <link internal="true" type="WEAK">
          <target><![CDATA[/sites/default/apollo-demo/the-team/]]></target>
          <uuid>a3023c68-6079-11e5-9eef-0242ac11002b</uuid>
        </link>
      </URI>
    </Link>
    <Contact>
      <Address>
        <StreetAddress><![CDATA[Bolkerstraße 43 - 47]]></StreetAddress>
        <PostalCode><![CDATA[40545]]></PostalCode>
        <Locality><![CDATA[Düsseldorf]]></Locality>
      </Address>
      <Phone><![CDATA[+49 (211) 123-4567]]></Phone>
      <Mobile><![CDATA[+49 (160) 123-4567]]></Mobile>
      <Email>
        <Email><![CDATA[claire.dunphy@example.org]]></Email>
        <ObfuscateEmail>true</ObfuscateEmail>
      </Email>
    </Contact>
  </ApolloContact>
</ApolloContacts>
