<?xml version="1.0" encoding="UTF-8"?>

<ApolloContacts xmlns:xsi="http://www.w3.org/2001/XMLSchema-instance" xsi:noNamespaceSchemaLocation="opencms://system/modules/org.opencms.apollo/schemas/contact.xsd">
  <ApolloContact language="en">
    <Kind><![CDATA[person]]></Kind>
    <Organization><![CDATA[Locial Loop Ltd.]]></Organization>
    <Name>
      <FirstName><![CDATA[Pepper]]></FirstName>
      <LastName><![CDATA[Saltzman]]></LastName>
    </Name>
    <Position><![CDATA[Analyst]]></Position>
    <Description name="Description0">
      <links/>
      <content><![CDATA[<p>Pepper likes sharp images.</p>]]></content>
    </Description>
    <Image>
      <Image>
        <link type="WEAK">
          <target><![CDATA[/sites/default/.galleries/people/29.jpg]]></target>
          <uuid>4c93cf54-6365-11e5-81df-0242ac11002b</uuid>
        </link>
      </Image>
    </Image>
    <Link>
      <Text><![CDATA[Get in contact]]></Text>
      <URI>
        <link internal="true" type="WEAK">
          <target><![CDATA[/sites/default/apollo-demo/the-team/]]></target>
          <uuid>a3023c68-6079-11e5-9eef-0242ac11002b</uuid>
        </link>
      </URI>
    </Link>
    <Contact>
      <Address>
        <StreetAddress><![CDATA[Friesenstr. 64-66]]></StreetAddress>
        <ExtendedAddress><![CDATA[Room 42]]></ExtendedAddress>
        <PostalCode><![CDATA[50670]]></PostalCode>
        <Locality><![CDATA[Cologne]]></Locality>
        <Region><![CDATA[NRW]]></Region>
        <Country><![CDATA[Germany]]></Country>
      </Address>
      <Phone><![CDATA[+49 (221) 123-4567]]></Phone>
      <Mobile><![CDATA[+49 (170) 123-4567]]></Mobile>
      <Email>
        <Email><![CDATA[p.saltzman@example.org]]></Email>
        <ObfuscateEmail>false</ObfuscateEmail>
      </Email>
    </Contact>
  </ApolloContact>
</ApolloContacts>
