<?xml version="1.0" encoding="UTF-8"?>

<ApolloContacts xmlns:xsi="http://www.w3.org/2001/XMLSchema-instance" xsi:noNamespaceSchemaLocation="opencms://system/modules/org.opencms.apollo/schemas/contact.xsd">
  <ApolloContact language="en">
    <Kind><![CDATA[person]]></Kind>
    <Organization><![CDATA[Abundant Advisors PLC]]></Organization>
    <Name>
      <FirstName><![CDATA[Haley]]></FirstName>
      <MiddleName><![CDATA[S.]]></MiddleName>
      <LastName><![CDATA[Dunphy]]></LastName>
    </Name>
    <Position><![CDATA[Consultant]]></Position>
    <Image>
      <Image>
        <link type="WEAK">
          <target><![CDATA[/sites/default/.galleries/people/24.jpg]]></target>
          <uuid>f528ac8c-635d-11e5-81df-0242ac11002b</uuid>
        </link>
      </Image>
    </Image>
    <Contact>
      <Address>
        <StreetAddress><![CDATA[Friesenstr. 64-66]]></StreetAddress>
        <PostalCode><![CDATA[50670]]></PostalCode>
        <Locality><![CDATA[Cologne]]></Locality>
      </Address>
      <Phone><![CDATA[+49 (221) 123-4567]]></Phone>
      <Fax><![CDATA[+49 (170) 123-4567]]></Fax>
      <Email>
        <Email><![CDATA[haleydun@example.org]]></Email>
        <ObfuscateEmail>false</ObfuscateEmail>
      </Email>
    </Contact>
  </ApolloContact>
</ApolloContacts>
