<?xml version="1.0" encoding="UTF-8"?>

<ApolloContacts xmlns:xsi="http://www.w3.org/2001/XMLSchema-instance" xsi:noNamespaceSchemaLocation="opencms://system/modules/org.opencms.apollo/schemas/contact.xsd">
  <ApolloContact language="en">
    <Kind><![CDATA[person]]></Kind>
    <Organization><![CDATA[<p>Short Cuts LLP</p>]]></Organization>
    <Name>
      <FirstName><![CDATA[Lily]]></FirstName>
      <LastName><![CDATA[Tucker-Pritchett]]></LastName>
    </Name>
    <Position><![CDATA[Marketing]]></Position>
    <Image>
      <Image>
        <link type="WEAK">
          <target><![CDATA[/sites/default/.galleries/people/28.jpg]]></target>
          <uuid>d51a14ca-635e-11e5-81df-0242ac11002b</uuid>
        </link>
      </Image>
    </Image>
    <Contact>
      <Address>
        <StreetAddress><![CDATA[Friesenstr. 64-66]]></StreetAddress>
        <PostalCode><![CDATA[50670]]></PostalCode>
        <Locality><![CDATA[Cologne]]></Locality>
      </Address>
      <Phone><![CDATA[+49 (221) 123-4567]]></Phone>
      <Mobile><![CDATA[+49 (170) 123-4567]]></Mobile>
      <Email>
        <Email><![CDATA[lily.pritchett@example.org]]></Email>
        <ObfuscateEmail>false</ObfuscateEmail>
      </Email>
    </Contact>
  </ApolloContact>
</ApolloContacts>
