<?xml version="1.0" encoding="UTF-8"?>

<AlkaconContainerPages xmlns:xsi="http://www.w3.org/2001/XMLSchema-instance" xsi:noNamespaceSchemaLocation="opencms://system/modules/org.opencms.ade.containerpage/schemas/container_page.xsd">
  <AlkaconContainerPage language="en">
    <Containers>
      <Name><![CDATA[92ca15dc-f2d2-11e6-8018-0242ac11002b-c1]]></Name>
      <Type><![CDATA[element]]></Type>
      <ParentInstanceId><![CDATA[92ca15dc-f2d2-11e6-8018-0242ac11002b]]></ParentInstanceId>
      <Elements>
        <Uri>
          <link type="STRONG">
            <target><![CDATA[/sites/default/apollo-demo/.content/contentsections/cs_00002.xml]]></target>
            <uuid>cbdf1e63-5ad1-11e5-a17e-0242ac11002b</uuid>
          </link>
        </Uri>
        <Formatter>
          <link type="STRONG">
            <target><![CDATA[/sites/default/.formatters/section-head-text.xml]]></target>
            <uuid>549e54ad-ec1c-11e5-854f-0242ac11002b</uuid>
          </link>
        </Formatter>
        <Properties>
          <Name><![CDATA[element_instance_id]]></Name>
          <Value>
            <String><![CDATA[971f3f30-f2d2-11e6-8018-0242ac11002b]]></String>
          </Value>
        </Properties>
        <Properties>
          <Name><![CDATA[formatterSettings#92ca15dc-f2d2-11e6-8018-0242ac11002b-c1]]></Name>
          <Value>
            <String><![CDATA[549e54ad-ec1c-11e5-854f-0242ac11002b]]></String>
          </Value>
        </Properties>
        <Properties>
          <Name><![CDATA[hsize]]></Name>
          <Value>
            <String><![CDATA[h2]]></String>
          </Value>
        </Properties>
        <Properties>
          <Name><![CDATA[hstyle]]></Name>
          <Value>
            <String><![CDATA[headline]]></String>
          </Value>
        </Properties>
        <Properties>
          <Name><![CDATA[tstyle]]></Name>
          <Value>
            <String><![CDATA[ap-plain]]></String>
          </Value>
        </Properties>
      </Elements>
    </Containers>
    <Containers>
      <Name><![CDATA[e79c4771-b0a5-11e6-a18e-0242ac11002b-c1]]></Name>
      <Type><![CDATA[row]]></Type>
      <ParentInstanceId><![CDATA[e79c4771-b0a5-11e6-a18e-0242ac11002b]]></ParentInstanceId>
      <IsRootContainer>true</IsRootContainer>
      <Elements>
        <Uri>
          <link type="STRONG">
            <target><![CDATA[/sites/default/apollo-demo/.content/layoutrows/lr_00001.xml]]></target>
            <uuid>4c445574-eb91-11e5-8519-0242ac11002b</uuid>
          </link>
        </Uri>
        <Formatter>
          <link type="STRONG">
            <target><![CDATA[/system/modules/org.opencms.apollo/formatters/layoutrow.jsp]]></target>
            <uuid>d652a05d-523d-11e5-9495-0242ac11002b</uuid>
          </link>
        </Formatter>
        <Properties>
          <Name><![CDATA[element_instance_id]]></Name>
          <Value>
            <String><![CDATA[92ca15dc-f2d2-11e6-8018-0242ac11002b]]></String>
          </Value>
        </Properties>
        <Properties>
          <Name><![CDATA[formatterSettings#e79c4771-b0a5-11e6-a18e-0242ac11002b-c1]]></Name>
          <Value>
            <String><![CDATA[d65670f0-523d-11e5-9495-0242ac11002b]]></String>
          </Value>
        </Properties>
      </Elements>
    </Containers>
  </AlkaconContainerPage>
</AlkaconContainerPages>
