<?xml version="1.0" encoding="UTF-8"?>

<AlkaconContainerPages xmlns:xsi="http://www.w3.org/2001/XMLSchema-instance" xsi:noNamespaceSchemaLocation="opencms://system/modules/org.opencms.ade.containerpage/schemas/container_page.xsd">
  <AlkaconContainerPage language="en">
    <Containers>
      <Name><![CDATA[81289098-f2cf-11e6-8018-0242ac11002b-c1]]></Name>
      <Type><![CDATA[element]]></Type>
      <ParentInstanceId><![CDATA[81289098-f2cf-11e6-8018-0242ac11002b]]></ParentInstanceId>
      <Elements>
        <Uri>
          <link type="STRONG">
            <target><![CDATA[/sites/default/apollo-demo/.content/maps/m_00001.xml]]></target>
            <uuid>ca906912-ef97-11e5-afc5-0242ac11002b</uuid>
          </link>
        </Uri>
        <Formatter>
          <link type="STRONG">
            <target><![CDATA[/system/modules/org.opencms.apollo/formatters/map.jsp]]></target>
            <uuid>305620a9-5ad6-11e5-a17e-0242ac11002b</uuid>
          </link>
        </Formatter>
        <CreateNew>true</CreateNew>
        <Properties>
          <Name><![CDATA[element_instance_id]]></Name>
          <Value>
            <String><![CDATA[870ff2ac-f2cf-11e6-8018-0242ac11002b]]></String>
          </Value>
        </Properties>
        <Properties>
          <Name><![CDATA[formatterSettings#81289098-f2cf-11e6-8018-0242ac11002b-c1]]></Name>
          <Value>
            <String><![CDATA[305b02ac-5ad6-11e5-a17e-0242ac11002b]]></String>
          </Value>
        </Properties>
        <Properties>
          <Name><![CDATA[hidetitle]]></Name>
          <Value>
            <String><![CDATA[true]]></String>
          </Value>
        </Properties>
      </Elements>
    </Containers>
    <Containers>
      <Name><![CDATA[81289098-f2cf-11e6-8018-0242ac11002b-c2]]></Name>
      <Type><![CDATA[element]]></Type>
      <ParentInstanceId><![CDATA[81289098-f2cf-11e6-8018-0242ac11002b]]></ParentInstanceId>
      <Elements>
        <Uri>
          <link type="STRONG">
            <target><![CDATA[/sites/default/apollo-demo/.content/imagegalleries/imggal_00002.xml]]></target>
            <uuid>54d502bd-8f80-11e5-a6ad-0242ac11002b</uuid>
          </link>
        </Uri>
        <Formatter>
          <link type="STRONG">
            <target><![CDATA[/system/modules/org.opencms.apollo/formatters/imagegallery.jsp]]></target>
            <uuid>68958b5e-8f73-11e5-9ae7-0242ac11002b</uuid>
          </link>
        </Formatter>
        <CreateNew>true</CreateNew>
        <Properties>
          <Name><![CDATA[autoload]]></Name>
          <Value>
            <String><![CDATA[true]]></String>
          </Value>
        </Properties>
        <Properties>
          <Name><![CDATA[cssClass]]></Name>
          <Value>
            <String><![CDATA[square-sm-6 square-lg-4]]></String>
          </Value>
        </Properties>
        <Properties>
          <Name><![CDATA[element_instance_id]]></Name>
          <Value>
            <String><![CDATA[3d585fb1-f2d0-11e6-8018-0242ac11002b]]></String>
          </Value>
        </Properties>
        <Properties>
          <Name><![CDATA[formatterSettings#81289098-f2cf-11e6-8018-0242ac11002b-c2]]></Name>
          <Value>
            <String><![CDATA[689934e1-8f73-11e5-9ae7-0242ac11002b]]></String>
          </Value>
        </Properties>
        <Properties>
          <Name><![CDATA[hidetitle]]></Name>
          <Value>
            <String><![CDATA[true]]></String>
          </Value>
        </Properties>
        <Properties>
          <Name><![CDATA[imagesPerPage]]></Name>
          <Value>
            <String><![CDATA[6]]></String>
          </Value>
        </Properties>
        <Properties>
          <Name><![CDATA[showCopyright]]></Name>
          <Value>
            <String><![CDATA[true]]></String>
          </Value>
        </Properties>
        <Properties>
          <Name><![CDATA[showTitle]]></Name>
          <Value>
            <String><![CDATA[true]]></String>
          </Value>
        </Properties>
      </Elements>
    </Containers>
    <Containers>
      <Name><![CDATA[e79c4771-b0a5-11e6-a18e-0242ac11002b-c1]]></Name>
      <Type><![CDATA[row]]></Type>
      <ParentInstanceId><![CDATA[e79c4771-b0a5-11e6-a18e-0242ac11002b]]></ParentInstanceId>
      <IsRootContainer>true</IsRootContainer>
      <Elements>
        <Uri>
          <link type="STRONG">
            <target><![CDATA[/sites/default/apollo-demo/.content/layoutrows/lr_00005.xml]]></target>
            <uuid>69d2a96f-eb9b-11e5-8519-0242ac11002b</uuid>
          </link>
        </Uri>
        <Formatter>
          <link type="STRONG">
            <target><![CDATA[/system/modules/org.opencms.apollo/formatters/layoutrow.jsp]]></target>
            <uuid>d652a05d-523d-11e5-9495-0242ac11002b</uuid>
          </link>
        </Formatter>
        <Properties>
          <Name><![CDATA[element_instance_id]]></Name>
          <Value>
            <String><![CDATA[81289098-f2cf-11e6-8018-0242ac11002b]]></String>
          </Value>
        </Properties>
        <Properties>
          <Name><![CDATA[formatterSettings#e79c4771-b0a5-11e6-a18e-0242ac11002b-c1]]></Name>
          <Value>
            <String><![CDATA[d65670f0-523d-11e5-9495-0242ac11002b]]></String>
          </Value>
        </Properties>
      </Elements>
    </Containers>
  </AlkaconContainerPage>
</AlkaconContainerPages>
