<?xml version="1.0" encoding="UTF-8"?>

<NewFormatters xmlns:xsi="http://www.w3.org/2001/XMLSchema-instance" xsi:noNamespaceSchemaLocation="opencms://system/modules/org.opencms.ade.config/schemas/formatters/new_formatter.xsd">
  <NewFormatter language="en">
    <NiceName><![CDATA[%(key.formatter.a-list.archive-filter)]]></NiceName>
    <Type><![CDATA[a-list]]></Type>
    <Jsp>
      <link type="WEAK">
        <target><![CDATA[/system/modules/org.opencms.apollo/formatters/list-archive-filter.jsp]]></target>
        <uuid>1dde2909-2704-11e6-9192-0242ac11002b</uuid>
      </link>
    </Jsp>
    <Rank><![CDATA[70]]></Rank>
    <Match>
      <Types>
        <ContainerType><![CDATA[element]]></ContainerType>
        <ContainerType><![CDATA[list]]></ContainerType>
      </Types>
    </Match>
    <Preview>false</Preview>
    <SearchContent>true</SearchContent>
    <AutoEnabled>true</AutoEnabled>
    <Detail>false</Detail>
    <NestedContainers>false</NestedContainers>
    <Setting>
      <PropertyName><![CDATA[showsearch]]></PropertyName>
      <DisplayName><![CDATA[%(key.apollo.setting.showsearch)]]></DisplayName>
      <Widget><![CDATA[checkbox]]></Widget>
      <Default><![CDATA[true]]></Default>
    </Setting>
    <Setting>
      <PropertyName><![CDATA[showlabels]]></PropertyName>
      <DisplayName><![CDATA[%(key.apollo.setting.showlabels)]]></DisplayName>
      <Widget><![CDATA[checkbox]]></Widget>
      <Default><![CDATA[true]]></Default>
    </Setting>
    <Setting>
      <PropertyName><![CDATA[showarchive]]></PropertyName>
      <DisplayName><![CDATA[%(key.apollo.setting.showarchive)]]></DisplayName>
      <Widget><![CDATA[checkbox]]></Widget>
      <Default><![CDATA[true]]></Default>
    </Setting>
  </NewFormatter>
</NewFormatters>
