<?xml version="1.0" encoding="UTF-8"?>

<ApolloLists xmlns:xsi="http://www.w3.org/2001/XMLSchema-instance" xsi:noNamespaceSchemaLocation="opencms://system/modules/org.opencms.apollo/schemas/list.xsd">
  <ApolloList language="en">
    <Headline><![CDATA[Upcoming Events]]></Headline>
    <TypesToCollect>a-event:194e26bc-c5b6-11e5-a73e-0242ac11002b</TypesToCollect>
    <Category>
      <!--Categories are read dynamically-->
    </Category>
    <SortOrder><![CDATA[dateasc]]></SortOrder>
    <ItemsPerPage><![CDATA[5]]></ItemsPerPage>
    <Parameters>
      <Key><![CDATA[displayOption]]></Key>
      <Value><![CDATA[showCalendar]]></Value>
    </Parameters>
    <Parameters>
      <Key><![CDATA[showDate]]></Key>
      <Value><![CDATA[true]]></Value>
    </Parameters>
    <Parameters>
      <Key><![CDATA[entryButtonText]]></Key>
      <Value><![CDATA[Show event]]></Value>
    </Parameters>
    <Parameters>
      <Key><![CDATA[listButtonText]]></Key>
      <Value><![CDATA[Load more events]]></Value>
    </Parameters>
    <Parameters>
      <Key><![CDATA[cssWrapper]]></Key>
      <Value/>
    </Parameters>
    <Parameters>
      <Key><![CDATA[listWrapper]]></Key>
      <Value><![CDATA[color-orange]]></Value>
    </Parameters>
    <Parameters>
      <Key><![CDATA[archivePreopened]]></Key>
      <Value><![CDATA[true]]></Value>
    </Parameters>
    <Parameters>
      <Key><![CDATA[catshowonlyleafs]]></Key>
      <Value><![CDATA[true]]></Value>
    </Parameters>
  </ApolloList>
</ApolloLists>
