<?xml version="1.0" encoding="UTF-8"?>

<ApolloLists xmlns:xsi="http://www.w3.org/2001/XMLSchema-instance" xsi:noNamespaceSchemaLocation="opencms://system/modules/org.opencms.apollo/schemas/list.xsd">
  <ApolloList language="en">
    <Headline><![CDATA[Vacant Jobs]]></Headline>
    <TypesToCollect>a-job:741af1b2-42b7-11e6-a4ea-0242ac11002b</TypesToCollect>
    <Category>
      <!--Categories are read dynamically-->
    </Category>
    <SortOrder><![CDATA[datedesc]]></SortOrder>
    <ItemsPerPage><![CDATA[3]]></ItemsPerPage>
    <Parameters>
      <Key><![CDATA[teaserLength]]></Key>
      <Value><![CDATA[300]]></Value>
    </Parameters>
    <Parameters>
      <Key><![CDATA[listButtonText]]></Key>
      <Value><![CDATA[Show more jobs]]></Value>
    </Parameters>
    <Parameters>
      <Key><![CDATA[entryButtonText]]></Key>
      <Value><![CDATA[Check out job]]></Value>
    </Parameters>
    <Link>
      <Text><![CDATA[Show all open jobs]]></Text>
      <URI>
        <link internal="true" type="WEAK">
          <target><![CDATA[/sites/default/apollo-demo/element-pages/job-offer/]]></target>
          <uuid>032bae8e-6ebc-11e6-9a42-0242ac11002b</uuid>
        </link>
      </URI>
    </Link>
  </ApolloList>
</ApolloLists>
