<?xml version="1.0" encoding="UTF-8"?>

<ApolloLists xmlns:xsi="http://www.w3.org/2001/XMLSchema-instance" xsi:noNamespaceSchemaLocation="opencms://system/modules/org.opencms.apollo/schemas/list.xsd">
  <ApolloList language="en">
    <Headline><![CDATA[Basic Event List]]></Headline>
    <TypesToCollect>a-event:194e26bc-c5b6-11e5-a73e-0242ac11002b</TypesToCollect>
    <Category>
      <!--Categories are read dynamically-->
    </Category>
    <SortOrder><![CDATA[dateasc]]></SortOrder>
    <ItemsPerPage><![CDATA[2]]></ItemsPerPage>
    <Parameters>
      <Key><![CDATA[displayOption]]></Key>
      <Value><![CDATA[smallImage]]></Value>
    </Parameters>
    <Parameters>
      <Key><![CDATA[ieffect]]></Key>
      <Value><![CDATA[ap-kenburns-animation]]></Value>
    </Parameters>
    <Parameters>
      <Key><![CDATA[showDate]]></Key>
      <Value><![CDATA[true]]></Value>
    </Parameters>
    <GalleryTitle><![CDATA[Basic Event List (not many options selected in content)]]></GalleryTitle>
  </ApolloList>
</ApolloLists>
