<?xml version="1.0" encoding="UTF-8"?>

<ApolloLists xmlns:xsi="http://www.w3.org/2001/XMLSchema-instance" xsi:noNamespaceSchemaLocation="opencms://system/modules/org.opencms.apollo/schemas/list.xsd">
  <ApolloList language="en">
    <Headline><![CDATA[More from the Blog]]></Headline>
    <TypesToCollect>a-blog:da8fa924-d64a-11e5-9ef3-0242ac11002b</TypesToCollect>
    <Category>
      <!--Categories are read dynamically-->
    </Category>
    <SortOrder><![CDATA[datedesc]]></SortOrder>
    <ItemsPerPage><![CDATA[3]]></ItemsPerPage>
    <Parameters>
      <Key><![CDATA[teaserLength]]></Key>
      <Value><![CDATA[50]]></Value>
    </Parameters>
    <Parameters>
      <Key><![CDATA[listWrapper]]></Key>
      <Value><![CDATA[color-cyan]]></Value>
    </Parameters>
    <Parameters>
      <Key><![CDATA[filterWrapper]]></Key>
      <Value><![CDATA[color-cyan]]></Value>
    </Parameters>
    <Parameters>
      <Key><![CDATA[archivePreopened]]></Key>
      <Value><![CDATA[true]]></Value>
    </Parameters>
    <GalleryTitle><![CDATA[Blog Detail Side List]]></GalleryTitle>
  </ApolloList>
</ApolloLists>
