<?xml version="1.0" encoding="UTF-8"?>

<ApolloLists xmlns:xsi="http://www.w3.org/2001/XMLSchema-instance" xsi:noNamespaceSchemaLocation="opencms://system/modules/org.opencms.apollo/schemas/list.xsd">
  <ApolloList language="en">
    <Headline><![CDATA[Compact Blog List]]></Headline>
    <TypesToCollect>a-blog:da8fa924-d64a-11e5-9ef3-0242ac11002b</TypesToCollect>
    <Category>
      <!--Categories are read dynamically-->
    </Category>
    <SortOrder><![CDATA[datedesc]]></SortOrder>
    <ItemsPerPage><![CDATA[2]]></ItemsPerPage>
    <Parameters>
      <Key><![CDATA[teaserLength]]></Key>
      <Value><![CDATA[100]]></Value>
    </Parameters>
    <Parameters>
      <Key><![CDATA[entryButtonText]]></Key>
      <Value><![CDATA[Read blog article]]></Value>
    </Parameters>
    <Parameters>
      <Key><![CDATA[listButtonText]]></Key>
      <Value><![CDATA[More from the blog]]></Value>
    </Parameters>
    <Parameters>
      <Key><![CDATA[listWrapper]]></Key>
      <Value><![CDATA[color-blue]]></Value>
    </Parameters>
    <Parameters>
      <Key><![CDATA[catfilters]]></Key>
      <Value><![CDATA[whitelist:Topic]]></Value>
    </Parameters>
    <Parameters>
      <Key><![CDATA[catshowonlyleafs]]></Key>
      <Value><![CDATA[true]]></Value>
    </Parameters>
    <Link>
      <Text><![CDATA[To the blog overview]]></Text>
      <URI>
        <link internal="true" type="WEAK">
          <target><![CDATA[/sites/default/apollo-demo/blog/articles/]]></target>
          <uuid>a22b306a-5c70-11e5-96ab-0242ac11002b</uuid>
        </link>
      </URI>
    </Link>
  </ApolloList>
</ApolloLists>
