<?xml version="1.0" encoding="UTF-8"?>

<ApolloShariffs xmlns:xsi="http://www.w3.org/2001/XMLSchema-instance" xsi:noNamespaceSchemaLocation="opencms://system/modules/org.opencms.apollo/schemas/shariff.xsd">
  <ApolloShariff language="de">
    <Title><![CDATA[Shariff Social Media für Blog Detail]]></Title>
    <Services><![CDATA[twitter,facebook,googleplus,linkedin,xing]]></Services>
  </ApolloShariff>
  <ApolloShariff language="en">
    <Title><![CDATA[Shariff Social media for blog detail]]></Title>
    <Services><![CDATA[twitter,facebook,googleplus,linkedin,xing]]></Services>
  </ApolloShariff>
</ApolloShariffs>
