<?xml version="1.0" encoding="UTF-8"?>

<ApolloImgurs xmlns:xsi="http://www.w3.org/2001/XMLSchema-instance" xsi:noNamespaceSchemaLocation="opencms://system/modules/org.opencms.apollo/schemas/imgursection.xsd">
  <ApolloImgur language="en">
    <Title><![CDATA[A beautiful cat]]></Title>
    <Item>
      <Id><![CDATA[http://i.imgur.com/3pjcfH4.gif]]></Id>
      <Title><![CDATA[Bananya]]></Title>
      <Description><![CDATA[I know this is a repost of sorts but I can't seem to find this gif super easily. Welp found it and its back up for those of you who have been lookin for it.]]></Description>
      <Data><![CDATA[http://imgur.com/gallery/3pjcfH4]]></Data>
    </Item>
  </ApolloImgur>
</ApolloImgurs>
