<?xml version="1.0" encoding="UTF-8"?>

<ApolloImgurs xmlns:xsi="http://www.w3.org/2001/XMLSchema-instance" xsi:noNamespaceSchemaLocation="opencms://system/modules/org.opencms.apollo/schemas/imgursection.xsd">
  <ApolloImgur language="en">
    <Title><![CDATA[Imgur cat example]]></Title>
    <Item>
      <Id><![CDATA[http://i.imgur.com/jvIzRWR.gif]]></Id>
      <Title><![CDATA[Gimme dat]]></Title>
      <Description><![CDATA[#cat]]></Description>
      <Data><![CDATA[http://imgur.com/gallery/jvIzRWR]]></Data>
    </Item>
    <Text name="Text0">
      <links/>
      <content><![CDATA[<p>In enim justo, rhoncus ut, imperdiet a, venenatis vitae, justo. Nullam dictum felis eu pede mollis pretium. Integer tincidunt. Cras dapibus. Vivamus elementum semper nisi. Aenean vulputate eleifend tellus.</p>
<p>Aenean leo ligula, porttitor eu, consequat vitae, eleifend ac, enim. Aliquam lorem ante, dapibus in, viverra quis, feugiat a, tellus. Phasellus viverra nulla ut metus varius laoreet. Quisque rutrum. Aenean imperdiet.</p>]]></content>
    </Text>
  </ApolloImgur>
</ApolloImgurs>
