<?xml version="1.0" encoding="UTF-8"?>

<ApolloTemplateRows xmlns:xsi="http://www.w3.org/2001/XMLSchema-instance" xsi:noNamespaceSchemaLocation="opencms://system/modules/org.opencms.apollo/schemas/layoutrow.xsd">
  <ApolloTemplateRow language="en">
    <Title><![CDATA[Row 2 Cols (4 - 4) [Narrow / push - pull]]]></Title>
    <PreMarkup><![CDATA[<div class="row $(param)">]]></PreMarkup>
    <PostMarkup><![CDATA[</div>]]></PostMarkup>
    <Container><![CDATA[row]]></Container>
    <Column>
      <Name><![CDATA[h1]]></Name>
      <Editors><![CDATA[ROLE.DEVELOPER]]></Editors>
      <Grid><![CDATA[hidden-xs col-sm-1 col-md-2]]></Grid>
      <Count><![CDATA[0]]></Count>
    </Column>
    <Column>
      <Name><![CDATA[c1]]></Name>
      <Type><![CDATA[element]]></Type>
      <Editors><![CDATA[ROLE.ELEMENT_AUTHOR]]></Editors>
      <Grid><![CDATA[col-xs-12 col-sm-5 col-md-4 col-sm-push-5 col-md-push-4]]></Grid>
    </Column>
    <Column>
      <Name><![CDATA[c2]]></Name>
      <Type><![CDATA[element]]></Type>
      <Editors><![CDATA[ROLE.ELEMENT_AUTHOR]]></Editors>
      <Grid><![CDATA[col-xs-12 col-sm-5 col-md-4 col-sm-pull-5 col-md-pull-4]]></Grid>
    </Column>
    <Column>
      <Name><![CDATA[h2]]></Name>
      <Editors><![CDATA[ROLE.DEVELOPER]]></Editors>
      <Grid><![CDATA[hidden-xs col-sm-1 col-md-2]]></Grid>
      <Count><![CDATA[0]]></Count>
    </Column>
  </ApolloTemplateRow>
  <ApolloTemplateRow language="de">
    <Title><![CDATA[Row 2 Spalten (4 - 4) [Kompakt / push - pull]]]></Title>
    <PreMarkup><![CDATA[<div class="row $(param)">]]></PreMarkup>
    <PostMarkup><![CDATA[</div>]]></PostMarkup>
    <Container><![CDATA[row]]></Container>
    <Column>
      <Name><![CDATA[h1]]></Name>
      <Editors><![CDATA[ROLE.DEVELOPER]]></Editors>
      <Grid><![CDATA[hidden-xs col-sm-1 col-md-2]]></Grid>
      <Count><![CDATA[0]]></Count>
    </Column>
    <Column>
      <Name><![CDATA[c1]]></Name>
      <Type><![CDATA[element]]></Type>
      <Editors><![CDATA[ROLE.ELEMENT_AUTHOR]]></Editors>
      <Grid><![CDATA[col-xs-12 col-sm-5 col-md-4 col-sm-push-5 col-md-push-4]]></Grid>
    </Column>
    <Column>
      <Name><![CDATA[c2]]></Name>
      <Type><![CDATA[element]]></Type>
      <Editors><![CDATA[ROLE.ELEMENT_AUTHOR]]></Editors>
      <Grid><![CDATA[col-xs-12 col-sm-5 col-md-4 col-sm-pull-5 col-md-pull-4]]></Grid>
    </Column>
    <Column>
      <Name><![CDATA[h2]]></Name>
      <Editors><![CDATA[ROLE.DEVELOPER]]></Editors>
      <Grid><![CDATA[hidden-xs col-sm-1 col-md-2]]></Grid>
      <Count><![CDATA[0]]></Count>
    </Column>
  </ApolloTemplateRow>
</ApolloTemplateRows>
