<?xml version="1.0" encoding="UTF-8"?>

<export>
	<info>
		<infoproject>Offline</infoproject>
		<export_version>10</export_version>
	</info>
	<module>
		<name>org.opencms.ugc</name>
		<nicename><![CDATA[User generated content form]]></nicename>
		<group>OpenCms frontend</group>
		<class>org.opencms.ugc.CmsUgcModuleAction</class>
		<export-mode name="reduced"/>
		<description><![CDATA[<p>User generated content API</p>
								<p><i>&copy; 2018 by Alkacon Software GmbH &amp; Co. KG (http://www.alkacon.com).</i></p>]]></description>
		<version>10.5.0</version>
		<authorname><![CDATA[Alkacon Software GmbH &amp; Co. KG]]></authorname>
		<authoremail/>
		<datecreated/>
		<userinstalled/>
		<dateinstalled/>
		<dependencies>
			<dependency name="org.opencms.ade.config" version="10.0.0"/>
		</dependencies>
		<exportpoints>
			<exportpoint uri="/system/modules/org.opencms.ugc/classes/" destination="WEB-INF/classes/"/>
		</exportpoints>
		<resources>
			<resource uri="/system/modules/org.opencms.ugc/"/>
		</resources>
		<excluderesources/>
		<parameters/>
		<resourcetypes>
			<type class="org.opencms.file.types.CmsResourceTypeXmlAdeConfiguration" name="ugc_config" id="309">
				<properties>
					<property>
						<name>locale-available</name>
						<value><![CDATA[en]]></value>
					</property>
					<property>
						<name>locale</name>
						<value><![CDATA[en]]></value>
					</property>
				</properties>
				<param name="resource.flag.internal">true</param>
				<param name="schema">/system/modules/org.opencms.ugc/schemas/ugc_config.xsd</param>
			</type>
		</resourcetypes>
		<explorertypes>
			<explorertype name="ugc_config" key="fileicon.ugc_config" reference="xmlcontent">
				<newresource page="otheroptions" uri="newresource_xmlcontent.jsp?newresourcetype=ugc_config" order="23" autosetnavigation="false" autosettitle="false" info="desc.ugc_config"/>
				<accesscontrol>
					<accessentry principal="ROLE.WORKPLACE_USER" permissions="+r+v+w+c"/>
				</accesscontrol>
			</explorertype>
		</explorertypes>
	</module>
	<files>
		<file>
			<destination>system</destination>
			<type>folder</type>
			<properties/>
		</file>
		<file>
			<destination>system/modules</destination>
			<type>folder</type>
			<properties/>
		</file>
		<file>
			<destination>system/modules/org.opencms.ugc</destination>
			<type>folder</type>
			<uuidstructure>c33b370b-bb12-11e3-a3c7-0ddf2cfaeffd</uuidstructure>
			<datecreated>Thu, 03 Apr 2014 09:31:41 GMT</datecreated>
			<flags>0</flags>
			<properties/>
			<relations/>
			<accesscontrol/>
		</file>
		<file>
			<source>system/modules/org.opencms.ugc/.config</source>
			<destination>system/modules/org.opencms.ugc/.config</destination>
			<type>module_config</type>
			<uuidstructure>9874a681-da7f-11e3-8d7f-c11cc2af282b</uuidstructure>
			<uuidresource>9874a682-da7f-11e3-8d7f-c11cc2af282b</uuidresource>
			<datecreated>Tue, 13 May 2014 09:18:50 GMT</datecreated>
			<flags>0</flags>
			<properties>
				<property>
					<name>locale</name>
					<value><![CDATA[en]]></value>
				</property>
				<property>
					<name>locale-available</name>
					<value><![CDATA[en]]></value>
				</property>
				<property>
					<name>search.exclude</name>
					<value><![CDATA[all]]></value>
				</property>
			</properties>
			<relations/>
			<accesscontrol/>
		</file>
		<file>
			<destination>system/modules/org.opencms.ugc/classes</destination>
			<type>folder</type>
			<uuidstructure>c343e99f-bb12-11e3-a3c7-0ddf2cfaeffd</uuidstructure>
			<datecreated>Thu, 03 Apr 2014 09:31:41 GMT</datecreated>
			<flags>0</flags>
			<properties/>
			<relations/>
			<accesscontrol/>
		</file>
		<file>
			<destination>system/modules/org.opencms.ugc/classes/org</destination>
			<type>folder</type>
			<uuidstructure>c3463391-bb12-11e3-a3c7-0ddf2cfaeffd</uuidstructure>
			<datecreated>Thu, 03 Apr 2014 09:31:41 GMT</datecreated>
			<flags>0</flags>
			<properties/>
			<relations/>
			<accesscontrol/>
		</file>
		<file>
			<destination>system/modules/org.opencms.ugc/classes/org/opencms</destination>
			<type>folder</type>
			<uuidstructure>c348a493-bb12-11e3-a3c7-0ddf2cfaeffd</uuidstructure>
			<datecreated>Thu, 03 Apr 2014 09:31:41 GMT</datecreated>
			<flags>0</flags>
			<properties/>
			<relations/>
			<accesscontrol/>
		</file>
		<file>
			<destination>system/modules/org.opencms.ugc/classes/org/opencms/ugc</destination>
			<type>folder</type>
			<uuidstructure>c34d5f87-bb12-11e3-a3c7-0ddf2cfaeffd</uuidstructure>
			<datecreated>Thu, 03 Apr 2014 09:31:41 GMT</datecreated>
			<flags>0</flags>
			<properties/>
			<relations/>
			<accesscontrol/>
		</file>
		<file>
			<destination>system/modules/org.opencms.ugc/formatters</destination>
			<type>folder</type>
			<uuidstructure>d9438903-dfea-11e3-b2f0-005056b60ccd</uuidstructure>
			<datecreated>Tue, 20 May 2014 06:49:11 GMT</datecreated>
			<flags>0</flags>
			<properties/>
			<relations/>
			<accesscontrol/>
		</file>
		<file>
			<source>system/modules/org.opencms.ugc/formatters/usergenerated-default.jsp</source>
			<destination>system/modules/org.opencms.ugc/formatters/usergenerated-default.jsp</destination>
			<type>jsp</type>
			<uuidstructure>05d94da5-dfec-11e3-b2f0-005056b60ccd</uuidstructure>
			<uuidresource>05d94da6-dfec-11e3-b2f0-005056b60ccd</uuidresource>
			<datecreated>Tue, 20 May 2014 06:57:35 GMT</datecreated>
			<flags>0</flags>
			<properties>
				<property>
					<name>Title</name>
					<value><![CDATA[Default formatter for UGC form elements]]></value>
				</property>
			</properties>
			<relations/>
			<accesscontrol/>
		</file>
		<file>
			<destination>system/modules/org.opencms.ugc/resources</destination>
			<type>folder</type>
			<uuidstructure>d2be0da6-8c48-4217-bc33-f904b139ca75</uuidstructure>
			<datecreated>Thu, 03 Apr 2014 09:31:41 GMT</datecreated>
			<flags>0</flags>
			<properties/>
			<relations/>
			<accesscontrol/>
		</file>
		<file>
			<destination>system/modules/org.opencms.ugc/resources/js</destination>
			<type>folder</type>
			<uuidstructure>b1b3cf0b-e00b-11e3-b2f0-005056b60ccd</uuidstructure>
			<datecreated>Tue, 20 May 2014 10:44:18 GMT</datecreated>
			<flags>0</flags>
			<properties/>
			<relations/>
			<accesscontrol/>
		</file>
		<file>
			<source>system/modules/org.opencms.ugc/resources/js/ugc-jquery.js</source>
			<destination>system/modules/org.opencms.ugc/resources/js/ugc-jquery.js</destination>
			<type>plain</type>
			<uuidstructure>b8d5d3fd-e00b-11e3-b2f0-005056b60ccd</uuidstructure>
			<uuidresource>b8d5d3fe-e00b-11e3-b2f0-005056b60ccd</uuidresource>
			<datecreated>Tue, 20 May 2014 10:44:30 GMT</datecreated>
			<flags>0</flags>
			<properties>
				<property>
					<name>Title</name>
					<value><![CDATA[UGC API jQuery add-on JavaScript]]></value>
				</property>
			</properties>
			<relations/>
			<accesscontrol/>
		</file>
		<file>
			<destination>system/modules/org.opencms.ugc/schemas</destination>
			<type>folder</type>
			<uuidstructure>c341789d-bb12-11e3-a3c7-0ddf2cfaeffd</uuidstructure>
			<datecreated>Thu, 03 Apr 2014 09:31:41 GMT</datecreated>
			<flags>0</flags>
			<properties/>
			<relations/>
			<accesscontrol/>
		</file>
		<file>
			<source>system/modules/org.opencms.ugc/schemas/ugc_config.xsd</source>
			<destination>system/modules/org.opencms.ugc/schemas/ugc_config.xsd</destination>
			<type>plain</type>
			<uuidstructure>d1a03679-bb12-11e3-a3c7-0ddf2cfaeffd</uuidstructure>
			<uuidresource>d1a0367a-bb12-11e3-a3c7-0ddf2cfaeffd</uuidresource>
			<datecreated>Thu, 03 Apr 2014 09:32:05 GMT</datecreated>
			<flags>0</flags>
			<properties/>
			<relations/>
			<accesscontrol/>
		</file>
	</files>
</export>
