<?xml version="1.0" encoding="UTF-8"?>

<AlkaconContainerPages xmlns:xsi="http://www.w3.org/2001/XMLSchema-instance" xsi:noNamespaceSchemaLocation="opencms://system/modules/org.opencms.ade.containerpage/schemas/container_page.xsd">
  <AlkaconContainerPage language="en">
    <Containers>
      <Name><![CDATA[dc3f5c03-ec40-11e5-8519-0242ac11002b-c1]]></Name>
      <Type><![CDATA[container]]></Type>
      <ParentInstanceId><![CDATA[dc3f5c03-ec40-11e5-8519-0242ac11002b]]></ParentInstanceId>
      <Elements>
        <Uri>
          <link type="STRONG">
            <target><![CDATA[/sites/default/apollo-demo/.content/layoutrows/lr_00003.xml]]></target>
            <uuid>6c8a82a9-eb91-11e5-8519-0242ac11002b</uuid>
          </link>
        </Uri>
        <Formatter>
          <link type="STRONG">
            <target><![CDATA[/system/modules/org.opencms.apollo/formatters/layoutrow.jsp]]></target>
            <uuid>d652a05d-523d-11e5-9495-0242ac11002b</uuid>
          </link>
        </Formatter>
        <Properties>
          <Name><![CDATA[element_instance_id]]></Name>
          <Value>
            <String><![CDATA[d8efc776-ef6b-11e5-9b44-0242ac11002b]]></String>
          </Value>
        </Properties>
        <Properties>
          <Name><![CDATA[formatterSettings#dc3f5c03-ec40-11e5-8519-0242ac11002b-c1]]></Name>
          <Value>
            <String><![CDATA[d65670f0-523d-11e5-9495-0242ac11002b]]></String>
          </Value>
        </Properties>
      </Elements>
    </Containers>
    <Containers>
      <Name><![CDATA[d8efc776-ef6b-11e5-9b44-0242ac11002b-c1]]></Name>
      <Type><![CDATA[default]]></Type>
      <ParentInstanceId><![CDATA[d8efc776-ef6b-11e5-9b44-0242ac11002b]]></ParentInstanceId>
      <Elements>
        <Uri>
          <link type="STRONG">
            <target><![CDATA[/sites/default/apollo-demo/.content/contentsections/cs_00011.xml]]></target>
            <uuid>1d383bc6-6076-11e5-9eef-0242ac11002b</uuid>
          </link>
        </Uri>
        <Formatter>
          <link type="STRONG">
            <target><![CDATA[/sites/default/.formatters/section-head-text.xml]]></target>
            <uuid>549e54ad-ec1c-11e5-854f-0242ac11002b</uuid>
          </link>
        </Formatter>
        <Properties>
          <Name><![CDATA[formatterSettings#d8efc776-ef6b-11e5-9b44-0242ac11002b-c1]]></Name>
          <Value>
            <String><![CDATA[549e54ad-ec1c-11e5-854f-0242ac11002b]]></String>
          </Value>
        </Properties>
        <Properties>
          <Name><![CDATA[hsize]]></Name>
          <Value>
            <String><![CDATA[h2]]></String>
          </Value>
        </Properties>
        <Properties>
          <Name><![CDATA[tstyle]]></Name>
          <Value>
            <String><![CDATA[ap-plain]]></String>
          </Value>
        </Properties>
        <Properties>
          <Name><![CDATA[element_instance_id]]></Name>
          <Value>
            <String><![CDATA[9299afc3-ef6c-11e5-9b44-0242ac11002b]]></String>
          </Value>
        </Properties>
        <Properties>
          <Name><![CDATA[hstyle]]></Name>
          <Value>
            <String><![CDATA[ap-plain]]></String>
          </Value>
        </Properties>
      </Elements>
    </Containers>
    <Containers>
      <Name><![CDATA[d8efc776-ef6b-11e5-9b44-0242ac11002b-c2]]></Name>
      <Type><![CDATA[default]]></Type>
      <ParentInstanceId><![CDATA[d8efc776-ef6b-11e5-9b44-0242ac11002b]]></ParentInstanceId>
      <Elements>
        <Uri>
          <link type="STRONG">
            <target><![CDATA[/sites/default/apollo-demo/.content/maps/m_00004.xml]]></target>
            <uuid>8b82205a-61f9-11e5-bcba-0242ac11002b</uuid>
          </link>
        </Uri>
        <Formatter>
          <link type="STRONG">
            <target><![CDATA[/system/modules/org.opencms.apollo/formatters/map.jsp]]></target>
            <uuid>305620a9-5ad6-11e5-a17e-0242ac11002b</uuid>
          </link>
        </Formatter>
        <Properties>
          <Name><![CDATA[formatterSettings#d8efc776-ef6b-11e5-9b44-0242ac11002b-c2]]></Name>
          <Value>
            <String><![CDATA[305b02ac-5ad6-11e5-a17e-0242ac11002b]]></String>
          </Value>
        </Properties>
        <Properties>
          <Name><![CDATA[element_instance_id]]></Name>
          <Value>
            <String><![CDATA[4d975d9c-ef6c-11e5-9b44-0242ac11002b]]></String>
          </Value>
        </Properties>
        <Properties>
          <Name><![CDATA[hidetitle]]></Name>
          <Value>
            <String><![CDATA[true]]></String>
          </Value>
        </Properties>
      </Elements>
    </Containers>
  </AlkaconContainerPage>
</AlkaconContainerPages>
