<?xml version="1.0" encoding="UTF-8"?>

<export>
	<info>
		<infoproject>Offline</infoproject>
		<export_version>10</export_version>
	</info>
	<module>
		<name>org.opencms.apollo.template.navigation</name>
		<nicename><![CDATA[Apollo Template Navigation]]></nicename>
		<group>Apollo Template</group>
		<class/>
		<import-site>/</import-site>
		<export-mode name="reduced"/>
		<description><![CDATA[The OpenCms 10 Apollo template navigation elements.]]></description>
		<version>10.5.1</version>
		<authorname><![CDATA[Alkacon Software GmbH & Co. KG]]></authorname>
		<authoremail/>
		<datecreated/>
		<userinstalled/>
		<dateinstalled/>
		<dependencies>
			<dependency name="org.opencms.apollo.template.core" version="10.5.1"/>
		</dependencies>
		<exportpoints/>
		<resources>
			<resource uri="/system/modules/org.opencms.apollo.template.navigation/"/>
			<resource uri="/system/modules/org.opencms.apollo/tags/nav-items.tag"/>
			<resource uri="/system/modules/org.opencms.apollo/formatters/navigation-folder.jsp"/>
			<resource uri="/system/modules/org.opencms.apollo/formatters/navigation-folder.xml"/>
			<resource uri="/system/modules/org.opencms.apollo/formatters/navigation-head.jsp"/>
			<resource uri="/system/modules/org.opencms.apollo/formatters/navigation-head.xml"/>
			<resource uri="/system/modules/org.opencms.apollo/formatters/navigation-side.jsp"/>
			<resource uri="/system/modules/org.opencms.apollo/formatters/navigation-side.xml"/>
			<resource uri="/system/modules/org.opencms.apollo/i18n/org.opencms.apollo.template.navigation.messages_de"/>
			<resource uri="/system/modules/org.opencms.apollo/i18n/org.opencms.apollo.template.navigation.messages_en"/>
			<resource uri="/system/modules/org.opencms.apollo/schemas/navigation.xsd"/>
			<resource uri="/system/workplace/resources/filetypes/a-navigation.png"/>
			<resource uri="/system/workplace/resources/filetypes/a-navigation_big.png"/>
			<resource uri="/system/modules/org.opencms.apollo/schemas/nested/navchoiceinline.xsd"/>
		</resources>
		<excluderesources/>
		<parameters/>
		<resourcetypes>
			<type class="org.opencms.file.types.CmsResourceTypeXmlContent" name="a-navigation" id="451">
				<param name="schema">/system/modules/org.opencms.apollo/schemas/navigation.xsd</param>
			</type>
		</resourcetypes>
		<explorertypes>
			<explorertype name="a-navigation" key="fileicon.a-navigation" icon="a-navigation.png" bigicon="a-navigation_big.png" reference="xmlcontent">
				<newresource page="a-menu" uri="newresource_xmlcontent.jsp?newresourcetype=a-navigation" order="100" autosetnavigation="false" autosettitle="false" info="desc.a-navigation" key="title.a-navigation"/>
			</explorertype>
		</explorertypes>
	</module>
	<files>
		<file>
			<destination>system</destination>
			<type>folder</type>
			<properties/>
		</file>
		<file>
			<destination>system/modules</destination>
			<type>folder</type>
			<properties/>
		</file>
		<file>
			<destination>system/modules/org.opencms.apollo.template.navigation</destination>
			<type>folder</type>
			<uuidstructure>e68557c8-75a9-11e6-805e-0242ac11002b</uuidstructure>
			<datecreated>Thu, 08 Sep 2016 09:52:05 GMT</datecreated>
			<flags>0</flags>
			<properties/>
			<relations/>
			<accesscontrol/>
		</file>
		<file>
			<source>system/modules/org.opencms.apollo.template.navigation/.config</source>
			<destination>system/modules/org.opencms.apollo.template.navigation/.config</destination>
			<type>module_config</type>
			<uuidstructure>918150da-75aa-11e6-805e-0242ac11002b</uuidstructure>
			<uuidresource>918150db-75aa-11e6-805e-0242ac11002b</uuidresource>
			<datecreated>Thu, 08 Sep 2016 09:56:52 GMT</datecreated>
			<flags>0</flags>
			<properties>
				<property>
					<name>locale</name>
					<value><![CDATA[en]]></value>
				</property>
				<property>
					<name>locale-available</name>
					<value><![CDATA[en]]></value>
				</property>
				<property>
					<name>search.exclude</name>
					<value><![CDATA[all]]></value>
				</property>
			</properties>
			<relations/>
			<accesscontrol/>
		</file>
		<file>
			<destination>system/modules/org.opencms.apollo</destination>
			<type>folder</type>
			<properties/>
		</file>
		<file>
			<destination>system/modules/org.opencms.apollo/formatters</destination>
			<type>folder</type>
			<properties/>
		</file>
		<file>
			<source>system/modules/org.opencms.apollo/formatters/navigation-folder.jsp</source>
			<destination>system/modules/org.opencms.apollo/formatters/navigation-folder.jsp</destination>
			<type>jsp</type>
			<uuidstructure>9787d6a4-b0c0-11e6-ade4-0242ac11002b</uuidstructure>
			<uuidresource>9787d6a5-b0c0-11e6-ade4-0242ac11002b</uuidresource>
			<datecreated>Tue, 22 Nov 2016 14:33:10 GMT</datecreated>
			<flags>0</flags>
			<properties>
				<property>
					<name>Title</name>
					<value><![CDATA[Formatter JSP for folder navigation]]></value>
				</property>
				<property>
					<name>cache</name>
					<value><![CDATA[container-element;locale;uri;user]]></value>
				</property>
				<property type="shared">
					<name>export</name>
					<value><![CDATA[false]]></value>
				</property>
			</properties>
			<relations/>
			<accesscontrol/>
		</file>
		<file>
			<source>system/modules/org.opencms.apollo/formatters/navigation-folder.xml</source>
			<destination>system/modules/org.opencms.apollo/formatters/navigation-folder.xml</destination>
			<type>formatter_config</type>
			<uuidstructure>bcd28000-b0c0-11e6-ade4-0242ac11002b</uuidstructure>
			<uuidresource>bcd28001-b0c0-11e6-ade4-0242ac11002b</uuidresource>
			<datecreated>Tue, 22 Nov 2016 14:34:12 GMT</datecreated>
			<flags>0</flags>
			<properties>
				<property>
					<name>Title</name>
					<value><![CDATA[Folder navigation]]></value>
				</property>
				<property>
					<name>locale</name>
					<value><![CDATA[en]]></value>
				</property>
				<property>
					<name>locale-available</name>
					<value><![CDATA[en]]></value>
				</property>
				<property>
					<name>search.exclude</name>
					<value><![CDATA[all]]></value>
				</property>
			</properties>
			<relations/>
			<accesscontrol/>
		</file>
		<file>
			<source>system/modules/org.opencms.apollo/formatters/navigation-head.jsp</source>
			<destination>system/modules/org.opencms.apollo/formatters/navigation-head.jsp</destination>
			<type>jsp</type>
			<uuidstructure>bff6dd61-5605-11e5-b868-0242ac11002b</uuidstructure>
			<uuidresource>bff6dd62-5605-11e5-b868-0242ac11002b</uuidresource>
			<datecreated>Tue, 08 Sep 2015 08:44:00 GMT</datecreated>
			<flags>0</flags>
			<properties>
				<property>
					<name>Title</name>
					<value><![CDATA[Formatter JSP for head navigation]]></value>
				</property>
				<property>
					<name>cache</name>
					<value><![CDATA[container-element;locale;uri;user]]></value>
				</property>
				<property type="shared">
					<name>export</name>
					<value><![CDATA[false]]></value>
				</property>
			</properties>
			<relations/>
			<accesscontrol/>
		</file>
		<file>
			<source>system/modules/org.opencms.apollo/formatters/navigation-head.xml</source>
			<destination>system/modules/org.opencms.apollo/formatters/navigation-head.xml</destination>
			<type>formatter_config</type>
			<uuidstructure>c0086996-5605-11e5-b868-0242ac11002b</uuidstructure>
			<uuidresource>c0086997-5605-11e5-b868-0242ac11002b</uuidresource>
			<datecreated>Tue, 08 Sep 2015 08:44:00 GMT</datecreated>
			<flags>0</flags>
			<properties>
				<property>
					<name>Title</name>
					<value><![CDATA[Head navigation]]></value>
				</property>
				<property>
					<name>locale</name>
					<value><![CDATA[en]]></value>
				</property>
				<property>
					<name>locale-available</name>
					<value><![CDATA[en]]></value>
				</property>
				<property>
					<name>search.exclude</name>
					<value><![CDATA[all]]></value>
				</property>
			</properties>
			<relations/>
			<accesscontrol/>
		</file>
		<file>
			<source>system/modules/org.opencms.apollo/formatters/navigation-side.jsp</source>
			<destination>system/modules/org.opencms.apollo/formatters/navigation-side.jsp</destination>
			<type>jsp</type>
			<uuidstructure>c00f205c-5605-11e5-b868-0242ac11002b</uuidstructure>
			<uuidresource>c00f205d-5605-11e5-b868-0242ac11002b</uuidresource>
			<datecreated>Tue, 08 Sep 2015 08:44:00 GMT</datecreated>
			<flags>0</flags>
			<properties>
				<property>
					<name>Title</name>
					<value><![CDATA[Formatter JSP for side navigation]]></value>
				</property>
				<property>
					<name>cache</name>
					<value><![CDATA[container-element;locale;uri;user]]></value>
				</property>
				<property type="shared">
					<name>export</name>
					<value><![CDATA[false]]></value>
				</property>
			</properties>
			<relations/>
			<accesscontrol/>
		</file>
		<file>
			<source>system/modules/org.opencms.apollo/formatters/navigation-side.xml</source>
			<destination>system/modules/org.opencms.apollo/formatters/navigation-side.xml</destination>
			<type>formatter_config</type>
			<uuidstructure>c01513d1-5605-11e5-b868-0242ac11002b</uuidstructure>
			<uuidresource>c01513d2-5605-11e5-b868-0242ac11002b</uuidresource>
			<datecreated>Tue, 08 Sep 2015 08:44:00 GMT</datecreated>
			<flags>0</flags>
			<properties>
				<property>
					<name>Title</name>
					<value><![CDATA[Side navigation]]></value>
				</property>
				<property>
					<name>locale</name>
					<value><![CDATA[en]]></value>
				</property>
				<property>
					<name>locale-available</name>
					<value><![CDATA[en]]></value>
				</property>
				<property>
					<name>search.exclude</name>
					<value><![CDATA[all]]></value>
				</property>
			</properties>
			<relations/>
			<accesscontrol/>
		</file>
		<file>
			<destination>system/modules/org.opencms.apollo/i18n</destination>
			<type>folder</type>
			<properties/>
		</file>
		<file>
			<source>system/modules/org.opencms.apollo/i18n/org.opencms.apollo.template.navigation.messages_de</source>
			<destination>system/modules/org.opencms.apollo/i18n/org.opencms.apollo.template.navigation.messages_de</destination>
			<type>propertyvfsbundle</type>
			<uuidstructure>f01931bd-ada9-11e6-a18e-0242ac11002b</uuidstructure>
			<uuidresource>f01931be-ada9-11e6-a18e-0242ac11002b</uuidresource>
			<datecreated>Fri, 18 Nov 2016 16:13:27 GMT</datecreated>
			<flags>0</flags>
			<properties>
				<property>
					<name>content-encoding</name>
					<value><![CDATA[UTF-8]]></value>
				</property>
				<property type="shared">
					<name>content-encoding</name>
					<value><![CDATA[UTF-8]]></value>
				</property>
				<property>
					<name>search.exclude</name>
					<value><![CDATA[all]]></value>
				</property>
			</properties>
			<relations/>
			<accesscontrol/>
		</file>
		<file>
			<source>system/modules/org.opencms.apollo/i18n/org.opencms.apollo.template.navigation.messages_en</source>
			<destination>system/modules/org.opencms.apollo/i18n/org.opencms.apollo.template.navigation.messages_en</destination>
			<type>propertyvfsbundle</type>
			<uuidstructure>f01b0680-ada9-11e6-a18e-0242ac11002b</uuidstructure>
			<uuidresource>f01b0681-ada9-11e6-a18e-0242ac11002b</uuidresource>
			<datecreated>Fri, 18 Nov 2016 16:13:27 GMT</datecreated>
			<flags>0</flags>
			<properties>
				<property>
					<name>content-encoding</name>
					<value><![CDATA[UTF-8]]></value>
				</property>
				<property type="shared">
					<name>content-encoding</name>
					<value><![CDATA[UTF-8]]></value>
				</property>
				<property>
					<name>search.exclude</name>
					<value><![CDATA[all]]></value>
				</property>
			</properties>
			<relations/>
			<accesscontrol/>
		</file>
		<file>
			<destination>system/modules/org.opencms.apollo/schemas</destination>
			<type>folder</type>
			<properties/>
		</file>
		<file>
			<source>system/modules/org.opencms.apollo/schemas/navigation.xsd</source>
			<destination>system/modules/org.opencms.apollo/schemas/navigation.xsd</destination>
			<type>plain</type>
			<uuidstructure>e20c0f54-75aa-11e6-805e-0242ac11002b</uuidstructure>
			<uuidresource>e20c0f55-75aa-11e6-805e-0242ac11002b</uuidresource>
			<datecreated>Thu, 08 Sep 2016 09:59:07 GMT</datecreated>
			<flags>0</flags>
			<properties>
				<property>
					<name>Title</name>
					<value><![CDATA[XSD for a navigation]]></value>
				</property>
			</properties>
			<relations/>
			<accesscontrol/>
		</file>
		<file>
			<destination>system/modules/org.opencms.apollo/schemas/nested</destination>
			<type>folder</type>
			<properties/>
		</file>
		<file>
			<source>system/modules/org.opencms.apollo/schemas/nested/navchoiceinline.xsd</source>
			<destination>system/modules/org.opencms.apollo/schemas/nested/navchoiceinline.xsd</destination>
			<type>plain</type>
			<uuidstructure>99bf3ca9-b629-11e6-bed3-0242ac11002b</uuidstructure>
			<uuidresource>99bf3caa-b629-11e6-bed3-0242ac11002b</uuidresource>
			<datecreated>Tue, 29 Nov 2016 11:47:27 GMT</datecreated>
			<flags>0</flags>
			<properties/>
			<relations/>
			<accesscontrol/>
		</file>
		<file>
			<destination>system/modules/org.opencms.apollo/tags</destination>
			<type>folder</type>
			<properties/>
		</file>
		<file>
			<source>system/modules/org.opencms.apollo/tags/nav-items.tag</source>
			<destination>system/modules/org.opencms.apollo/tags/nav-items.tag</destination>
			<type>jsp</type>
			<uuidstructure>463f0ca5-bb00-11e6-8580-0242ac11002b</uuidstructure>
			<uuidresource>463f0ca6-bb00-11e6-8580-0242ac11002b</uuidresource>
			<datecreated>Mon, 05 Dec 2016 15:34:13 GMT</datecreated>
			<flags>0</flags>
			<properties>
				<property>
					<name>Title</name>
					<value><![CDATA[Loads navigation items based on a XML content configuration]]></value>
				</property>
			</properties>
			<relations/>
			<accesscontrol/>
		</file>
		<file>
			<destination>system/workplace</destination>
			<type>folder</type>
			<properties/>
		</file>
		<file>
			<destination>system/workplace/resources</destination>
			<type>folder</type>
			<properties/>
		</file>
		<file>
			<destination>system/workplace/resources/filetypes</destination>
			<type>folder</type>
			<properties/>
		</file>
		<file>
			<source>system/workplace/resources/filetypes/a-navigation.png</source>
			<destination>system/workplace/resources/filetypes/a-navigation.png</destination>
			<type>image</type>
			<uuidstructure>bba660f0-5600-11e5-8d6b-0242ac11002b</uuidstructure>
			<uuidresource>bba660f1-5600-11e5-8d6b-0242ac11002b</uuidresource>
			<datecreated>Tue, 08 Sep 2015 08:08:05 GMT</datecreated>
			<flags>0</flags>
			<properties>
				<property type="shared">
					<name>image.size</name>
					<value><![CDATA[w:16,h:16]]></value>
				</property>
			</properties>
			<relations/>
			<accesscontrol/>
		</file>
		<file>
			<source>system/workplace/resources/filetypes/a-navigation_big.png</source>
			<destination>system/workplace/resources/filetypes/a-navigation_big.png</destination>
			<type>image</type>
			<uuidstructure>c77684a5-5600-11e5-8d6b-0242ac11002b</uuidstructure>
			<uuidresource>c77684a6-5600-11e5-8d6b-0242ac11002b</uuidresource>
			<datecreated>Tue, 08 Sep 2015 08:08:25 GMT</datecreated>
			<flags>0</flags>
			<properties>
				<property type="shared">
					<name>image.size</name>
					<value><![CDATA[w:24,h:24]]></value>
				</property>
			</properties>
			<relations/>
			<accesscontrol/>
		</file>
	</files>
</export>
