<?xml version="1.0" encoding="UTF-8"?>

<ApolloBlogs xmlns:xsi="http://www.w3.org/2001/XMLSchema-instance" xsi:noNamespaceSchemaLocation="opencms://system/modules/org.opencms.apollo/schemas/blog.xsd">
  <ApolloBlog language="de">
    <Title><![CDATA[OpenCms ist anpassbar]]></Title>
    <Date>1487852460000</Date>
    <Teaser><![CDATA[Mel ut corpora phaedrum, quot viris facilisi te his, option interesset qui ne. Ex eum possit feugait definiebas, vix ei etiam nonumes, posse inani comprehensam eu usu.]]></Teaser>
    <Paragraph>
      <Text name="Text0">
        <links/>
        <content><![CDATA[<p>Mel ut corpora phaedrum, quot viris facilisi te his, option interesset qui ne. Ex eum possit feugait definiebas, vix ei etiam nonumes, posse inani comprehensam eu usu. Alia utinam in ius, stet magna vel ad. Dolorum minimum duo in, ut duo noluisse facilisi pertinax, odio congue ex nam.</p>
<p>Cetero mnesarchum et usu. Ne eos utinam facilisi, id qui eius altera eloquentiam, ut sed justo fierent intellegam. His oratio sadipscing philosophia te, qui velit commune posidonium eu, ea eum detracto accommodare. At putant debitis phaedrum quo. Veri laoreet habemus pro ad.</p>
<p>Eum id quot sanctus. Sed accusamus reprehendunt in, et has illud postulant consequuntur.</p>]]></content>
      </Text>
      <Image>
        <Image>
          <link type="WEAK">
            <target><![CDATA[/sites/default/.galleries/office/09.jpg]]></target>
            <uuid>2f91038b-7061-11e6-9a42-0242ac11002b</uuid>
          </link>
        </Image>
        <Copyright><![CDATA[CC0 Public Domain / unsplash.com]]></Copyright>
      </Image>
    </Paragraph>
    <Author><![CDATA[Cameron Tucker]]></Author>
    <Category>
      <!--Categories are read dynamically-->
    </Category>
  </ApolloBlog>
  <ApolloBlog language="en">
    <Title><![CDATA[OpenCms is customizable]]></Title>
    <Date>1487852460000</Date>
    <Teaser><![CDATA[Mel ut corpora phaedrum, quot viris facilisi te his, option interesset qui ne. Ex eum possit feugait definiebas, vix ei etiam nonumes, posse inani comprehensam eu usu.]]></Teaser>
    <Paragraph>
      <Text name="Text0">
        <links/>
        <content><![CDATA[<p>Mel ut corpora phaedrum, quot viris facilisi te his, option interesset qui ne. Ex eum possit feugait definiebas, vix ei etiam nonumes, posse inani comprehensam eu usu. Alia utinam in ius, stet magna vel ad. Dolorum minimum duo in, ut duo noluisse facilisi pertinax, odio congue ex nam.</p>
<p>Cetero mnesarchum et usu. Ne eos utinam facilisi, id qui eius altera eloquentiam, ut sed justo fierent intellegam. His oratio sadipscing philosophia te, qui velit commune posidonium eu, ea eum detracto accommodare. At putant debitis phaedrum quo. Veri laoreet habemus pro ad.</p>
<p>Eum id quot sanctus. Sed accusamus reprehendunt in, et has illud postulant consequuntur.</p>]]></content>
      </Text>
      <Image>
        <Image>
          <link type="WEAK">
            <target><![CDATA[/sites/default/.galleries/office/09.jpg]]></target>
            <uuid>2f91038b-7061-11e6-9a42-0242ac11002b</uuid>
          </link>
        </Image>
      </Image>
    </Paragraph>
    <Author><![CDATA[Cameron Tucker]]></Author>
    <Category>
      <!--Categories are read dynamically-->
    </Category>
  </ApolloBlog>
</ApolloBlogs>
