<?xml version="1.0" encoding="UTF-8"?>

<ApolloBlogs xmlns:xsi="http://www.w3.org/2001/XMLSchema-instance" xsi:noNamespaceSchemaLocation="opencms://system/modules/org.opencms.apollo/schemas/blog.xsd">
  <ApolloBlog language="en">
    <Title><![CDATA[OpenCms is the first choice]]></Title>
    <Date>1502470740000</Date>
    <Teaser><![CDATA[Eum id quot sanctus. Sed accusamus reprehendunt in, et has illud postulant consequuntur. No duo corrumpit sadipscing. At aliquip oportere suscipiantur eam, vis wisi harum essent no, et duo admodum periculis. Quodsi omittam oporteat mel no.
]]></Teaser>
    <Paragraph>
      <Headline><![CDATA[Open source - Great features]]></Headline>
      <Text name="Text0">
        <links/>
        <content><![CDATA[<p>Eum id quot sanctus. Sed accusamus reprehendunt in, et has illud postulant consequuntur. No duo corrumpit sadipscing. At aliquip oportere suscipiantur eam, vis wisi harum essent no, et duo admodum periculis. Quodsi omittam oporteat mel no.</p>
<p>Eu causae laoreet placerat mea, in porro utinam accusata vim. Honestatis interpretaris ut qui. Has numquam volumus invidunt et, sensibus sapientem pri te. Cu per pericula comprehensam, expetenda laboramus his ei. Porro dolorem omittantur ad nec, eu dicunt aliquam graecis vix, nec ne congue expetendis.</p>]]></content>
      </Text>
      <Image>
        <Image>
          <link type="WEAK">
            <target><![CDATA[/sites/default/.galleries/samples/47.jpg]]></target>
            <uuid>6e5adea6-635f-11e5-81df-0242ac11002b</uuid>
          </link>
        </Image>
      </Image>
    </Paragraph>
    <Paragraph>
      <Text name="Text0">
        <links/>
        <content><![CDATA[<p>Lorem ipsum dolor sit amet, consectetuer adipiscing elit. Aenean commodo ligula eget dolor. Aenean massa. Cum sociis natoque penatibus et magnis dis parturient montes, nascetur ridiculus mus. Donec quam felis, ultricies nec, pellentesque eu, pretium quis, sem. Nulla consequat massa quis enim. Donec pede justo, fringilla vel, aliquet nec, vulputate eget, arcu.</p>
<p>In enim justo, rhoncus ut, imperdiet a, venenatis vitae, justo. Nullam dictum felis eu pede mollis pretium. Integer tincidunt. Cras dapibus. Vivamus elementum semper nisi. Aenean vulputate eleifend tellus. Aenean leo ligula, porttitor eu, consequat vitae, eleifend ac, enim. Aliquam lorem ante, dapibus in, viverra quis, feugiat a, tellus. Phasellus viverra nulla ut metus varius laoreet.</p>
<p>Quisque rutrum. Aenean imperdiet. Etiam ultricies nisi vel augue. Curabitur ullamcorper ultricies nisi. Nam eget dui. Etiam rhoncus. Maecenas tempus, tellus eget condimentum rhoncus, sem quam semper libero, sit amet adipiscing sem neque sed ipsum. Nam quam nunc, blandit vel, luctus pulvinar, hendrerit id, lorem. Maecenas nec odio et ante tincidunt tempus. Donec vitae sapien ut libero venenatis faucibus.</p>]]></content>
      </Text>
      <Image>
        <Image>
          <link type="WEAK">
            <target><![CDATA[/sites/default/.galleries/office/04.jpg]]></target>
            <uuid>2f71e2c1-7061-11e6-9a42-0242ac11002b</uuid>
          </link>
        </Image>
        <Copyright><![CDATA[CC0 Public Domain / unsplash.com]]></Copyright>
      </Image>
    </Paragraph>
    <Author><![CDATA[Cameron Tucker]]></Author>
    <Category>
      <!--Categories are read dynamically-->
    </Category>
  </ApolloBlog>
  <ApolloBlog language="de">
    <Title><![CDATA[OpenCms ist die erste Wahl]]></Title>
    <Date>1502470740000</Date>
    <Teaser><![CDATA[Eum id quot sanctus. Sed accusamus reprehendunt in, et has illud postulant consequuntur. No duo corrumpit sadipscing. At aliquip oportere suscipiantur eam, vis wisi harum essent no, et duo admodum periculis. Quodsi omittam oporteat mel no.
]]></Teaser>
    <Paragraph>
      <Headline><![CDATA[Open Source - Tolle Funktionen]]></Headline>
      <Text name="Text0">
        <links/>
        <content><![CDATA[<p>Eum id quot sanctus. Sed accusamus reprehendunt in, et has illud postulant consequuntur. No duo corrumpit sadipscing. At aliquip oportere suscipiantur eam, vis wisi harum essent no, et duo admodum periculis. Quodsi omittam oporteat mel no.</p>
<p>Eu causae laoreet placerat mea, in porro utinam accusata vim. Honestatis interpretaris ut qui. Has numquam volumus invidunt et, sensibus sapientem pri te. Cu per pericula comprehensam, expetenda laboramus his ei. Porro dolorem omittantur ad nec, eu dicunt aliquam graecis vix, nec ne congue expetendis.</p>]]></content>
      </Text>
      <Image>
        <Image>
          <link type="WEAK">
            <target><![CDATA[/sites/default/.galleries/samples/47.jpg]]></target>
            <uuid>6e5adea6-635f-11e5-81df-0242ac11002b</uuid>
          </link>
        </Image>
        <Copyright><![CDATA[CC0 Public Domain / Pixabay.com]]></Copyright>
      </Image>
    </Paragraph>
    <Author><![CDATA[Cameron Tucker]]></Author>
    <Category>
      <!--Categories are read dynamically-->
    </Category>
  </ApolloBlog>
</ApolloBlogs>
