<?xml version="1.0" encoding="UTF-8"?>

<ApolloBlogs xmlns:xsi="http://www.w3.org/2001/XMLSchema-instance" xsi:noNamespaceSchemaLocation="opencms://system/modules/org.opencms.apollo/schemas/blog.xsd">
  <ApolloBlog language="de">
    <Title><![CDATA[OpenCms ist mächtig]]></Title>
    <Date>1496516400000</Date>
    <Teaser><![CDATA[Vivamus elementum semper nisi. Aenean vulputate eleifend tellus. Aenean leo ligula, porttitor eu, consequat vitae, eleifend ac, enim. ]]></Teaser>
    <Paragraph>
      <Headline><![CDATA[Alle Funktionen sind vorhanden]]></Headline>
      <Text name="Text0">
        <links/>
        <content><![CDATA[<p>Vivamus elementum semper nisi. Aenean vulputate eleifend tellus. Aenean leo ligula, porttitor eu, consequat vitae, eleifend ac, enim. Aliquam lorem ante, dapibus in, viverra quis, feugiat a, tellus.</p>
<p>Phasellus viverra nulla ut metus varius laoreet. Quisque rutrum. Aenean imperdiet. Etiam ultricies nisi vel augue. Curabitur ullamcorper ultricies nisi. Nam eget dui. Etiam rhoncus. Maecenas tempus, tellus eget condimentum rhoncus, sem quam semper libero, sit amet adipiscing sem neque sed ipsum.</p>
<p>Nam quam nunc, blandit vel, luctus pulvinar, hendrerit id, lorem.</p>]]></content>
      </Text>
      <Image>
        <Image>
          <link type="WEAK">
            <target><![CDATA[/sites/default/.galleries/office/04.jpg]]></target>
            <uuid>2f71e2c1-7061-11e6-9a42-0242ac11002b</uuid>
          </link>
        </Image>
      </Image>
      <Link>
        <Text><![CDATA[Show me more...]]></Text>
        <URI>
          <link internal="true" type="WEAK">
            <target><![CDATA[/sites/default/release/]]></target>
            <uuid>b7e67102-6049-11e5-9199-0242ac11002b</uuid>
          </link>
        </URI>
      </Link>
    </Paragraph>
    <Author><![CDATA[Pepper Saltzman]]></Author>
    <Category>
      <!--Categories are read dynamically-->
    </Category>
  </ApolloBlog>
  <ApolloBlog language="en">
    <Title><![CDATA[OpenCms is powerful]]></Title>
    <Date>1496516400000</Date>
    <Teaser><![CDATA[Vivamus elementum semper nisi. Aenean vulputate eleifend tellus. Aenean leo ligula, porttitor eu, consequat vitae, eleifend ac, enim. ]]></Teaser>
    <Paragraph>
      <Headline><![CDATA[All the features in one place]]></Headline>
      <Text name="Text0">
        <links/>
        <content><![CDATA[<p>Vivamus elementum semper nisi. Aenean vulputate eleifend tellus. Aenean leo ligula, porttitor eu, consequat vitae, eleifend ac, enim. Aliquam lorem ante, dapibus in, viverra quis, feugiat a, tellus.</p>
<p>Phasellus viverra nulla ut metus varius laoreet. Quisque rutrum. Aenean imperdiet. Etiam ultricies nisi vel augue. Curabitur ullamcorper ultricies nisi. Nam eget dui. Etiam rhoncus. Maecenas tempus, tellus eget condimentum rhoncus, sem quam semper libero, sit amet adipiscing sem neque sed ipsum.</p>
<p>Nam quam nunc, blandit vel, luctus pulvinar, hendrerit id, lorem.</p>]]></content>
      </Text>
      <Image>
        <Image>
          <link type="WEAK">
            <target><![CDATA[/sites/default/.galleries/office/04.jpg]]></target>
            <uuid>2f71e2c1-7061-11e6-9a42-0242ac11002b</uuid>
          </link>
        </Image>
      </Image>
      <Link>
        <Text><![CDATA[Show me more...]]></Text>
        <URI>
          <link internal="true" type="WEAK">
            <target><![CDATA[/sites/default/release/]]></target>
            <uuid>b7e67102-6049-11e5-9199-0242ac11002b</uuid>
          </link>
        </URI>
      </Link>
    </Paragraph>
    <Paragraph>
      <Headline><![CDATA[Over-the-top example]]></Headline>
      <Text name="Text0">
        <links/>
        <content><![CDATA[<p>Want to show a dynamic list of events in the defail page of you blog entry?</p>
<p>Not a problem for OpenCms and the Apollo template!</p>]]></content>
      </Text>
    </Paragraph>
    <Author><![CDATA[Pepper Saltzman]]></Author>
    <Category>
      <!--Categories are read dynamically-->
    </Category>
  </ApolloBlog>
</ApolloBlogs>
