<?xml version="1.0" encoding="UTF-8"?>

<ApolloBlogs xmlns:xsi="http://www.w3.org/2001/XMLSchema-instance" xsi:noNamespaceSchemaLocation="opencms://system/modules/org.opencms.apollo/schemas/blog.xsd">
  <ApolloBlog language="de">
    <Title><![CDATA[OpenCms ist zuverlässig]]></Title>
    <Date>1492071600000</Date>
    <Teaser><![CDATA[Quisque rutrum. Aenean imperdiet. Etiam ultricies nisi vel augue. Curabitur ullamcorper ultricies nisi. Nam eget dui. Etiam rhoncus. Nam quam nunc, blandit vel.]]></Teaser>
    <Paragraph>
      <Text name="Text0">
        <links/>
        <content><![CDATA[<p>Quisque rutrum. Aenean imperdiet. Etiam ultricies nisi vel augue. Curabitur ullamcorper ultricies nisi. Nam eget dui. Etiam rhoncus. Maecenas tempus, tellus eget condimentum rhoncus, sem quam semper libero, sit amet adipiscing sem.</p>
<p>Neque sed ipsum. Nam quam nunc, blandit vel, luctus pulvinar, hendrerit id, lorem. Maecenas nec odio et ante tincidunt tempus.</p>
<p>Nam eget dui. Etiam rhoncus. Maecenas tempus, tellus eget condimentum rhoncus, sem quam semper libero, sit amet adipiscing sem neque sed ipsum.</p>]]></content>
      </Text>
      <Image>
        <Image>
          <link type="WEAK">
            <target><![CDATA[/sites/default/.galleries/office/21.jpg]]></target>
            <uuid>2fd97e53-7061-11e6-9a42-0242ac11002b</uuid>
          </link>
        </Image>
        <Copyright><![CDATA[CC0 Public Domain / unsplash.com]]></Copyright>
      </Image>
    </Paragraph>
    <Author><![CDATA[Lily Pritchett]]></Author>
    <Category>
      <!--Categories are read dynamically-->
    </Category>
  </ApolloBlog>
  <ApolloBlog language="en">
    <Title><![CDATA[OpenCms is reliable]]></Title>
    <Date>1492071600000</Date>
    <Teaser><![CDATA[Quisque rutrum. Aenean imperdiet. Etiam ultricies nisi vel augue. Curabitur ullamcorper ultricies nisi. Nam eget dui. Etiam rhoncus. Nam quam nunc, blandit vel.]]></Teaser>
    <Paragraph>
      <Text name="Text0">
        <links/>
        <content><![CDATA[<p>Quisque rutrum. Aenean imperdiet. Etiam ultricies nisi vel augue. Curabitur ullamcorper ultricies nisi. Nam eget dui. Etiam rhoncus. Maecenas tempus, tellus eget condimentum rhoncus, sem quam semper libero, sit amet adipiscing sem.</p>
<p>Neque sed ipsum. Nam quam nunc, blandit vel, luctus pulvinar, hendrerit id, lorem. Maecenas nec odio et ante tincidunt tempus.</p>
<p>Nam eget dui. Etiam rhoncus. Maecenas tempus, tellus eget condimentum rhoncus, sem quam semper libero, sit amet adipiscing sem neque sed ipsum.</p>]]></content>
      </Text>
      <Image>
        <Image>
          <link type="WEAK">
            <target><![CDATA[/sites/default/.galleries/office/21.jpg]]></target>
            <uuid>2fd97e53-7061-11e6-9a42-0242ac11002b</uuid>
          </link>
        </Image>
      </Image>
    </Paragraph>
    <Author><![CDATA[Lily Pritchett]]></Author>
    <Category>
      <!--Categories are read dynamically-->
    </Category>
  </ApolloBlog>
</ApolloBlogs>
