<?xml version="1.0" encoding="UTF-8"?>

<ApolloBlogs xmlns:xsi="http://www.w3.org/2001/XMLSchema-instance" xsi:noNamespaceSchemaLocation="opencms://system/modules/org.opencms.apollo/schemas/blog.xsd">
  <ApolloBlog language="en">
    <Title><![CDATA[OpenCms unlocks your creativity]]></Title>
    <Date>1499873160000</Date>
    <Teaser><![CDATA[Diam periculis ius no, cum ex consul minimum, eam id elitr lucilius. Has perfecto salutatus ea, no nam suas iudico, ex has quot nominati. Ut labore assueverit sed.]]></Teaser>
    <Paragraph>
      <Headline><![CDATA[It's just fun to use!]]></Headline>
      <Text name="Text0">
        <links/>
        <content><![CDATA[<p>Diam periculis ius no, cum ex consul minimum, eam id elitr lucilius. Has perfecto salutatus ea, no nam suas iudico, ex has quot nominati. Ut labore assueverit sed.</p>
<p>Pri tota simul ea, pri aliquam albucius id. Ut vel iriure malorum elaboraret, duo esse vero tempor et. Et nostro sententiae efficiendi pri, ad his efficiendi neglegentur. Qui in affert albucius, vis no eros erat lorem, molestiae conclusionemque cum ne. Ad cum wisi mnesarchum, ex mea inani vitae instructior.</p>
<p>Cetero legimus te qui, in laoreet accusam quo, has fabellas definiebas ex.</p>]]></content>
      </Text>
      <Image>
        <Image>
          <link type="WEAK">
            <target><![CDATA[/sites/default/.galleries/office/05.jpg]]></target>
            <uuid>2f77d633-7061-11e6-9a42-0242ac11002b</uuid>
          </link>
        </Image>
        <Copyright><![CDATA[CC0 Public Domain / unsplash.com]]></Copyright>
      </Image>
    </Paragraph>
    <Paragraph>
      <Text name="Text0">
        <links/>
        <content><![CDATA[<p>Nullam quis ante. Etiam sit amet orci eget eros faucibus tincidunt. Duis leo. Sed fringilla mauris sit amet nibh. Donec sodales sagittis magna. Sed consequat, leo eget bibendum sodales, augue velit cursus nunc, quis gravida magna mi a libero. Fusce vulputate eleifend sapien. Vestibulum purus quam, scelerisque ut, mollis sed, nonummy id, metus. Nullam accumsan lorem in dui. Cras ultricies mi eu turpis hendrerit fringilla. Vestibulum ante ipsum primis in faucibus orci luctus et ultrices posuere cubilia Curae; In ac dui quis mi consectetuer lacinia. Nam pretium turpis et arcu.</p>
<p>Duis arcu tortor, suscipit eget, imperdiet nec, imperdiet iaculis, ipsum. Sed aliquam ultrices mauris. Integer ante arcu, accumsan a, consectetuer eget, posuere ut, mauris. Praesent adipiscing. Phasellus ullamcorper ipsum rutrum nunc. Nunc nonummy metus. Vestibulum volutpat pretium libero. Cras id dui. Aenean ut eros et nisl sagittis vestibulum. Nullam nulla eros, ultricies sit amet, nonummy id, imperdiet feugiat, pede. Sed lectus. Donec mollis hendrerit risus. Phasellus nec sem in justo pellentesque facilisis. Etiam imperdiet imperdiet orci. Nunc nec neque.</p>]]></content>
      </Text>
    </Paragraph>
    <Author><![CDATA[Haley Dunphy]]></Author>
    <Category>
      <!--Categories are read dynamically-->
    </Category>
  </ApolloBlog>
  <ApolloBlog language="de">
    <Title><![CDATA[OpenCms lässt Dich kreativ sein]]></Title>
    <Date>1499873160000</Date>
    <Teaser><![CDATA[Diam periculis ius no, cum ex consul minimum, eam id elitr lucilius. Has perfecto salutatus ea, no nam suas iudico, ex has quot nominati. Ut labore assueverit sed.]]></Teaser>
    <Paragraph>
      <Headline><![CDATA[Es macht einfach Spass OpenCms zu benutzen!]]></Headline>
      <Text name="Text0">
        <links/>
        <content><![CDATA[<p>Diam periculis ius no, cum ex consul minimum, eam id elitr lucilius. Has perfecto salutatus ea, no nam suas iudico, ex has quot nominati. Ut labore assueverit sed.</p>
<p>Pri tota simul ea, pri aliquam albucius id. Ut vel iriure malorum elaboraret, duo esse vero tempor et. Et nostro sententiae efficiendi pri, ad his efficiendi neglegentur. Qui in affert albucius, vis no eros erat lorem, molestiae conclusionemque cum ne. Ad cum wisi mnesarchum, ex mea inani vitae instructior.</p>
<p>Cetero legimus te qui, in laoreet accusam quo, has fabellas definiebas ex.</p>]]></content>
      </Text>
      <Image>
        <Image>
          <link type="WEAK">
            <target><![CDATA[/sites/default/.galleries/office/05.jpg]]></target>
            <uuid>2f77d633-7061-11e6-9a42-0242ac11002b</uuid>
          </link>
        </Image>
        <Copyright><![CDATA[CC0 Public Domain / unsplash.com]]></Copyright>
      </Image>
    </Paragraph>
    <Author><![CDATA[Haley Dunphy]]></Author>
    <Category>
      <!--Categories are read dynamically-->
    </Category>
  </ApolloBlog>
</ApolloBlogs>
