<?xml version="1.0" encoding="UTF-8"?>

<ApolloBlogs xmlns:xsi="http://www.w3.org/2001/XMLSchema-instance" xsi:noNamespaceSchemaLocation="opencms://system/modules/org.opencms.apollo/schemas/blog.xsd">
  <ApolloBlog language="de">
    <Title><![CDATA[OpenCms ist Open Source]]></Title>
    <Date>1495976280000</Date>
    <Teaser><![CDATA[An imperdiet sententiae sed, nisl semper voluptua eam ei, pri lorem tacimates te. Ei sit movet labores, tale eleifend senserit an per. Mei id populo aliquip.]]></Teaser>
    <Paragraph>
      <Text name="Text0">
        <links/>
        <content><![CDATA[<p>An imperdiet sententiae sed, nisl semper voluptua eam ei, pri lorem tacimates te.</p>
<p>Ei sit movet labores, tale eleifend senserit an per. Mei id populo aliquip. Simul assentior ex usu, usu cibo saperet ex, purto erroribus percipitur eu vel. His dicit detraxit eu, ocurreret euripidis an vim, dolores dissentias consequuntur ea per. Graece nemore animal usu ut, minimum nominavi quo ex. Ei solum noluisse voluptua ius, magna fuisset conceptam at vel.</p>]]></content>
      </Text>
      <Image>
        <Image>
          <link type="WEAK">
            <target><![CDATA[/sites/default/.galleries/office/15.jpg]]></target>
            <uuid>2fb63ed7-7061-11e6-9a42-0242ac11002b</uuid>
          </link>
        </Image>
        <Copyright><![CDATA[CC0 Public Domain / unsplash.com]]></Copyright>
      </Image>
    </Paragraph>
    <Author><![CDATA[Jake Pritchett]]></Author>
    <Category>
      <!--Categories are read dynamically-->
    </Category>
  </ApolloBlog>
  <ApolloBlog language="en">
    <Title><![CDATA[OpenCms is Open Source]]></Title>
    <Date>1495976280000</Date>
    <Teaser><![CDATA[An imperdiet sententiae sed, nisl semper voluptua eam ei, pri lorem tacimates te. Ei sit movet labores, tale eleifend senserit an per. Mei id populo aliquip.]]></Teaser>
    <Paragraph>
      <Text name="Text0">
        <links/>
        <content><![CDATA[<p>An imperdiet sententiae sed, nisl semper voluptua eam ei, pri lorem tacimates te.</p>
<p>Ei sit movet labores, tale eleifend senserit an per. Mei id populo aliquip. Simul assentior ex usu, usu cibo saperet ex, purto erroribus percipitur eu vel. His dicit detraxit eu, ocurreret euripidis an vim, dolores dissentias consequuntur ea per. Graece nemore animal usu ut, minimum nominavi quo ex. Ei solum noluisse voluptua ius, magna fuisset conceptam at vel.</p>]]></content>
      </Text>
      <Image>
        <Image>
          <link type="WEAK">
            <target><![CDATA[/sites/default/.galleries/office/15.jpg]]></target>
            <uuid>2fb63ed7-7061-11e6-9a42-0242ac11002b</uuid>
          </link>
        </Image>
      </Image>
    </Paragraph>
    <Author><![CDATA[Jake Pritchett]]></Author>
    <Category>
      <!--Categories are read dynamically-->
    </Category>
  </ApolloBlog>
</ApolloBlogs>
