<?xml version="1.0" encoding="UTF-8"?>

<export>
	<info>
		<infoproject>Offline</infoproject>
		<export_version>10</export_version>
	</info>
	<module>
		<name>org.opencms.workplace.tools.git</name>
		<nicename><![CDATA[OpenCms Git Support]]></nicename>
		<group>OpenCms Workplace</group>
		<class/>
		<export-mode name="reduced"/>
		<description><![CDATA[The module adds a git repository binding to the workplace tools.<br>
You can configure a git repository and a set of modules that should be controlled by that repository.<br>
The module allows you to check in the latest version of your modules by simply pressing one button.<br>
<strong>NOTE: Currently only Linux systems are supported.</strong>]]></description>
		<version>10.5.1</version>
		<authorname><![CDATA[Alkacon Software GmbH &amp; Co. KG]]></authorname>
		<authoremail><![CDATA[sales@alkacon.com]]></authoremail>
		<datecreated/>
		<userinstalled/>
		<dateinstalled/>
		<dependencies>
			<dependency name="org.opencms.workplace" version="10.0.0"/>
			<dependency name="org.opencms.workplace.tools.modules" version="10.0.0"/>
		</dependencies>
		<exportpoints>
			<exportpoint uri="/system/modules/org.opencms.workplace.tools.git/git-scripts/" destination="WEB-INF/git-scripts/"/>
		</exportpoints>
		<resources>
			<resource uri="/system/workplace/admin/git/"/>
			<resource uri="/system/modules/org.opencms.workplace.tools.git/"/>
			<resource uri="/system/workplace/resources/tools/git/"/>
		</resources>
		<excluderesources/>
		<parameters/>
	</module>
	<files>
		<file>
			<destination>system</destination>
			<type>folder</type>
			<properties/>
		</file>
		<file>
			<destination>system/modules</destination>
			<type>folder</type>
			<properties/>
		</file>
		<file>
			<destination>system/modules/org.opencms.workplace.tools.git</destination>
			<type>folder</type>
			<uuidstructure>2a096900-463c-11e5-a603-a3f182483be7</uuidstructure>
			<datecreated>Wed, 19 Aug 2015 06:33:12 GMT</datecreated>
			<flags>0</flags>
			<properties/>
			<relations/>
			<accesscontrol/>
		</file>
		<file>
			<destination>system/modules/org.opencms.workplace.tools.git/git-scripts</destination>
			<type>folder</type>
			<uuidstructure>36c5e882-463c-11e5-a603-a3f182483be7</uuidstructure>
			<datecreated>Wed, 19 Aug 2015 06:33:33 GMT</datecreated>
			<flags>0</flags>
			<properties/>
			<relations/>
			<accesscontrol/>
		</file>
		<file>
			<source>system/modules/org.opencms.workplace.tools.git/git-scripts/module-checkin.conf.demo</source>
			<destination>system/modules/org.opencms.workplace.tools.git/git-scripts/module-checkin.conf.demo</destination>
			<type>plain</type>
			<uuidstructure>49e45145-463c-11e5-a603-a3f182483be7</uuidstructure>
			<uuidresource>49e45146-463c-11e5-a603-a3f182483be7</uuidresource>
			<datecreated>Wed, 19 Aug 2015 06:34:05 GMT</datecreated>
			<flags>0</flags>
			<properties>
				<property>
					<name>Title</name>
					<value><![CDATA[Demo config for the module check in]]></value>
				</property>
			</properties>
			<relations/>
			<accesscontrol/>
		</file>
		<file>
			<source>system/modules/org.opencms.workplace.tools.git/git-scripts/module-checkin.sh</source>
			<destination>system/modules/org.opencms.workplace.tools.git/git-scripts/module-checkin.sh</destination>
			<type>plain</type>
			<uuidstructure>49f76418-463c-11e5-a603-a3f182483be7</uuidstructure>
			<uuidresource>49f76419-463c-11e5-a603-a3f182483be7</uuidresource>
			<datecreated>Wed, 19 Aug 2015 06:34:05 GMT</datecreated>
			<flags>0</flags>
			<properties>
				<property>
					<name>Title</name>
					<value><![CDATA[Module check in script]]></value>
				</property>
			</properties>
			<relations/>
			<accesscontrol/>
		</file>
		<file>
			<destination>system/workplace</destination>
			<type>folder</type>
			<properties/>
		</file>
		<file>
			<destination>system/workplace/admin</destination>
			<type>folder</type>
			<properties/>
		</file>
		<file>
			<destination>system/workplace/admin/git</destination>
			<type>folder</type>
			<uuidstructure>d2969aee-4fd2-11e5-8d85-8163cdc4d609</uuidstructure>
			<datecreated>Mon, 31 Aug 2015 11:24:19 GMT</datecreated>
			<flags>0</flags>
			<properties>
				<property>
					<name>Description</name>
					<value><![CDATA[Export modules and automatic check-in to a configured git repository]]></value>
				</property>
				<property>
					<name>NavImage</name>
					<value><![CDATA[tools/git/icons/big/checkin.png:tools/git/icons/small/checkin.png]]></value>
				</property>
				<property>
					<name>NavInfo</name>
					<value><![CDATA[${key.GUI_MODULES_ADMIN_TOOL_GROUP_0}]]></value>
				</property>
				<property>
					<name>NavPos</name>
					<value><![CDATA[40.0]]></value>
				</property>
				<property>
					<name>NavText</name>
					<value><![CDATA[GIT Support]]></value>
				</property>
				<property>
					<name>Title</name>
					<value><![CDATA[Module Management]]></value>
				</property>
				<property>
					<name>admintoolhandler-class</name>
					<value><![CDATA[org.opencms.workplace.tools.modules.CmsModulesToolHandler]]></value>
				</property>
				<property>
					<name>default-file</name>
					<value><![CDATA[index.jsp]]></value>
				</property>
			</properties>
			<relations/>
			<accesscontrol/>
		</file>
		<file>
			<source>system/workplace/admin/git/checkin.jsp</source>
			<destination>system/workplace/admin/git/checkin.jsp</destination>
			<type>jsp</type>
			<uuidstructure>d2cc510e-4fd2-11e5-8d85-8163cdc4d609</uuidstructure>
			<uuidresource>d2cc510f-4fd2-11e5-8d85-8163cdc4d609</uuidresource>
			<datecreated>Mon, 31 Aug 2015 11:24:20 GMT</datecreated>
			<flags>0</flags>
			<properties>
				<property>
					<name>Description</name>
					<value><![CDATA[Check in configured modules into a git repository automatically.]]></value>
				</property>
				<property>
					<name>NavImage</name>
					<value><![CDATA[tools/git/icons/big/checkin.png]]></value>
				</property>
				<property>
					<name>NavInfo</name>
					<value><![CDATA[Git Check-In]]></value>
				</property>
				<property>
					<name>NavPos</name>
					<value><![CDATA[4]]></value>
				</property>
				<property>
					<name>Title</name>
					<value><![CDATA[Git Check-In]]></value>
				</property>
				<property>
					<name>admintoolhandler-class</name>
					<value><![CDATA[org.opencms.workplace.tools.modules.CmsModulesToolHandler]]></value>
				</property>
				<property>
					<name>export</name>
					<value><![CDATA[false]]></value>
				</property>
				<property type="shared">
					<name>export</name>
					<value><![CDATA[false]]></value>
				</property>
			</properties>
			<relations/>
			<accesscontrol/>
		</file>
		<file>
			<destination>system/workplace/resources</destination>
			<type>folder</type>
			<properties/>
		</file>
		<file>
			<destination>system/workplace/resources/tools</destination>
			<type>folder</type>
			<properties/>
		</file>
		<file>
			<destination>system/workplace/resources/tools/git</destination>
			<type>folder</type>
			<uuidstructure>2402b642-4fcf-11e5-8d85-8163cdc4d609</uuidstructure>
			<datecreated>Mon, 31 Aug 2015 10:57:58 GMT</datecreated>
			<flags>0</flags>
			<properties/>
			<relations/>
			<accesscontrol/>
		</file>
		<file>
			<destination>system/workplace/resources/tools/git/icons</destination>
			<type>folder</type>
			<uuidstructure>3908a3b4-4fcf-11e5-8d85-8163cdc4d609</uuidstructure>
			<datecreated>Mon, 31 Aug 2015 10:58:33 GMT</datecreated>
			<flags>0</flags>
			<properties/>
			<relations/>
			<accesscontrol/>
		</file>
		<file>
			<destination>system/workplace/resources/tools/git/icons/big</destination>
			<type>folder</type>
			<uuidstructure>40453586-4fcf-11e5-8d85-8163cdc4d609</uuidstructure>
			<datecreated>Mon, 31 Aug 2015 10:58:46 GMT</datecreated>
			<flags>0</flags>
			<properties/>
			<relations/>
			<accesscontrol/>
		</file>
		<file>
			<source>system/workplace/resources/tools/git/icons/big/checkin.png</source>
			<destination>system/workplace/resources/tools/git/icons/big/checkin.png</destination>
			<type>image</type>
			<uuidstructure>ac776bb9-4fcf-11e5-8d85-8163cdc4d609</uuidstructure>
			<uuidresource>ac776bba-4fcf-11e5-8d85-8163cdc4d609</uuidresource>
			<datecreated>Mon, 31 Aug 2015 11:01:47 GMT</datecreated>
			<flags>0</flags>
			<properties>
				<property type="shared">
					<name>image.size</name>
					<value><![CDATA[w:32,h:32]]></value>
				</property>
			</properties>
			<relations/>
			<accesscontrol/>
		</file>
		<file>
			<destination>system/workplace/resources/tools/git/icons/small</destination>
			<type>folder</type>
			<uuidstructure>d094e1f2-4fd3-11e5-8d85-8163cdc4d609</uuidstructure>
			<datecreated>Mon, 31 Aug 2015 11:31:26 GMT</datecreated>
			<flags>0</flags>
			<properties/>
			<relations/>
			<accesscontrol/>
		</file>
		<file>
			<source>system/workplace/resources/tools/git/icons/small/checkin.png</source>
			<destination>system/workplace/resources/tools/git/icons/small/checkin.png</destination>
			<type>image</type>
			<uuidstructure>d7e28ac5-4fd3-11e5-8d85-8163cdc4d609</uuidstructure>
			<uuidresource>d7e28ac6-4fd3-11e5-8d85-8163cdc4d609</uuidresource>
			<datecreated>Mon, 31 Aug 2015 11:31:38 GMT</datecreated>
			<flags>0</flags>
			<properties>
				<property type="shared">
					<name>image.size</name>
					<value><![CDATA[w:16,h:16]]></value>
				</property>
			</properties>
			<relations/>
			<accesscontrol/>
		</file>
	</files>
</export>
