<?xml version="1.0" encoding="UTF-8"?>

<ApolloMaps xmlns:xsi="http://www.w3.org/2001/XMLSchema-instance" xsi:noNamespaceSchemaLocation="opencms://system/modules/org.opencms.apollo/schemas/map.xsd">
  <ApolloMap language="en">
    <Headline><![CDATA[Company Location]]></Headline>
    <Text name="Text0">
      <links/>
      <content/>
    </Text>
    <MapSize><![CDATA[100%x400]]></MapSize>
    <MapType><![CDATA[ROADMAP]]></MapType>
    <MapZoom><![CDATA[14]]></MapZoom>
    <GalleryTitle><![CDATA[Map with 2 locations]]></GalleryTitle>
    <ShowMarkers>true</ShowMarkers>
    <Route>true</Route>
    <MapCoord>
      <Caption><![CDATA[Kölner Dom]]></Caption>
      <Address><![CDATA[Domkloster 4
50667 Köln]]></Address>
      <MarkerGroup/>
      <Coord><![CDATA[{"lat":50.94127839999999,"lng":6.958281400000033,"zoom":14,"type":"roadmap","mode":"dynamic","address":"Cologne Cathedral, Domkloster 4, 50667 Köln, Germany"}]]></Coord>
    </MapCoord>
    <MapCoord>
      <Caption><![CDATA[Mediapark ]]></Caption>
      <Coord><![CDATA[{"lat":50.9488,"lng":6.944380000000024,"zoom":14,"type":"roadmap","mode":"dynamic","address":"Im Mediapark 6C, 50670 Köln, Deutschland"}]]></Coord>
    </MapCoord>
  </ApolloMap>
</ApolloMaps>
