<?xml version="1.0" encoding="UTF-8"?>

<ApolloMaps xmlns:xsi="http://www.w3.org/2001/XMLSchema-instance" xsi:noNamespaceSchemaLocation="opencms://system/modules/org.opencms.apollo/schemas/map.xsd">
  <ApolloMap language="en">
    <Headline><![CDATA[Location]]></Headline>
    <Text name="Text0">
      <links/>
      <content/>
    </Text>
    <MapSize><![CDATA[100%x400]]></MapSize>
    <MapType><![CDATA[ROADMAP]]></MapType>
    <MapZoom><![CDATA[14]]></MapZoom>
    <GalleryTitle><![CDATA[ETH Zürich]]></GalleryTitle>
    <ShowMarkers>true</ShowMarkers>
    <Route>false</Route>
    <MapCoord>
      <Caption><![CDATA[My dream house]]></Caption>
      <Coord><![CDATA[{"lat":47.3763166,"lng":8.5454812,"zoom":14,"type":"roadmap","mode":"dynamic","address":"ETH Zürich"}]]></Coord>
    </MapCoord>
  </ApolloMap>
</ApolloMaps>
