<?xml version="1.0" encoding="UTF-8"?>

<ApolloMaps xmlns:xsi="http://www.w3.org/2001/XMLSchema-instance" xsi:noNamespaceSchemaLocation="opencms://system/modules/org.opencms.apollo/schemas/map.xsd">
  <ApolloMap language="en">
    <Headline><![CDATA[ETH]]></Headline>
    <Text name="Text0">
      <links/>
      <content/>
    </Text>
    <MapSize><![CDATA[100%x400]]></MapSize>
    <MapType><![CDATA[ROADMAP]]></MapType>
    <MapZoom><![CDATA[14]]></MapZoom>
    <ShowMarkers>true</ShowMarkers>
    <Route>false</Route>
    <MapCoord>
      <Caption/>
      <Coord><![CDATA[{"lat":47.3765359,"lng":8.54809279999995,"zoom":14,"type":"roadmap","mode":"dynamic","address":"ETH Zürich Hauptgebäude, Rämistrasse 101, 8092 Zürich, Switzerland"}]]></Coord>
    </MapCoord>
  </ApolloMap>
</ApolloMaps>
