<?xml version="1.0" encoding="UTF-8"?>

<ApolloMaps xmlns:xsi="http://www.w3.org/2001/XMLSchema-instance" xsi:noNamespaceSchemaLocation="opencms://system/modules/org.opencms.apollo/schemas/map.xsd">
  <ApolloMap language="en">
    <Headline><![CDATA[MediaPark]]></Headline>
    <Text name="Text0">
      <links/>
      <content/>
    </Text>
    <MapSize><![CDATA[100%x400]]></MapSize>
    <MapType><![CDATA[ROADMAP]]></MapType>
    <MapZoom><![CDATA[11]]></MapZoom>
    <GalleryTitle><![CDATA[Map with multiple groups]]></GalleryTitle>
    <ShowMarkers>true</ShowMarkers>
    <Route>false</Route>
    <MapCoord>
      <Caption><![CDATA[KOMED]]></Caption>
      <Address><![CDATA[Im Mediapark 6C
50670 Köln]]></Address>
      <MarkerGroup><![CDATA[A]]></MarkerGroup>
      <Coord><![CDATA[{"lat":50.94851,"lng":6.94417,"zoom":14,"type":"roadmap","mode":"dynamic","address":"Im Mediapark 6Z, 50670 Köln, Germany","height":0,"width":0}]]></Coord>
    </MapCoord>
    <MapCoord>
      <Caption><![CDATA[Cologne Cathedral]]></Caption>
      <Address><![CDATA[Domkloster 4
50667 Köln]]></Address>
      <MarkerGroup><![CDATA[B]]></MarkerGroup>
      <Coord><![CDATA[{"lat":50.94127839999999,"lng":6.958281400000033,"zoom":14,"type":"roadmap","mode":"dynamic","address":"Cologne Cathedral, Domkloster 4, 50667 Köln, Germany"}]]></Coord>
    </MapCoord>
    <MapCoord>
      <Caption><![CDATA[Alkacon Software Headquarters]]></Caption>
      <Address><![CDATA[An der Wachsfabrik 13
50996 Köln (Cologne)
Germany]]></Address>
      <MarkerGroup><![CDATA[C]]></MarkerGroup>
      <Coord><![CDATA[{"lat":50.8704,"lng":6.998180000000048,"zoom":13,"type":"roadmap","mode":"dynamic","address":"An der Wachsfabrik 13, 50996 Köln, Deutschland"}]]></Coord>
    </MapCoord>
  </ApolloMap>
</ApolloMaps>
