<?xml version="1.0" encoding="UTF-8"?>

<ApolloTemplateRows xmlns:xsi="http://www.w3.org/2001/XMLSchema-instance" xsi:noNamespaceSchemaLocation="opencms://system/modules/org.opencms.apollo/schemas/layoutrow.xsd">
  <ApolloTemplateRow language="en">
    <Title><![CDATA[Segment [For Rows]]]></Title>
    <Container><![CDATA[segment]]></Container>
    <Column>
      <Name><![CDATA[c1]]></Name>
      <Type><![CDATA[row]]></Type>
      <Editors><![CDATA[ROLE.ELEMENT_AUTHOR]]></Editors>
      <Grid><![CDATA[container]]></Grid>
    </Column>
  </ApolloTemplateRow>
  <ApolloTemplateRow language="de">
    <Title><![CDATA[Segment [Für Rows]]]></Title>
    <Container><![CDATA[segment]]></Container>
    <Column>
      <Name><![CDATA[c1]]></Name>
      <Type><![CDATA[row]]></Type>
      <Editors><![CDATA[ROLE.ELEMENT_AUTHOR]]></Editors>
      <Grid><![CDATA[container]]></Grid>
    </Column>
  </ApolloTemplateRow>
</ApolloTemplateRows>
